0 verbose cli C:\Program Files\nodejs\node.exe C:\Program Files\nodejs\node_modules\npm\bin\npm-cli.js
1 info using npm@10.7.0
2 info using node@v18.20.4
3 silly config:load:file:C:\Program Files\nodejs\node_modules\npm\npmrc
4 silly config:load:file:C:\Fin\Grit_Strategy_Lab2\baseline_restore_staging\web\.npmrc
5 silly config:load:file:C:\Users\TradeAdmin\.npmrc
6 silly config:load:file:C:\Users\TradeAdmin\AppData\Roaming\npm\etc\npmrc
7 verbose title npm install
8 verbose argv "install"
9 verbose logfile logs-max:10 dir:C:\Fin\Grit_Strategy_Lab2\baseline_restore_staging\web\.npm-cache\_logs\2026-03-30T08_08_07_621Z-
10 verbose logfile C:\Fin\Grit_Strategy_Lab2\baseline_restore_staging\web\.npm-cache\_logs\2026-03-30T08_08_07_621Z-debug-0.log
11 silly logfile done cleaning log files
12 silly idealTree buildDeps
13 silly fetch manifest echarts@^6.0.0
14 http fetch GET 200 https://registry.npmjs.org/echarts 1868ms (cache miss)
15 silly fetch manifest react@^19.1.1
16 http fetch GET 200 https://registry.npmjs.org/npm 2308ms
17 http fetch GET 200 https://registry.npmjs.org/react 1328ms (cache miss)
18 silly fetch manifest react-dom@^19.1.1
19 http fetch GET 200 https://registry.npmjs.org/react-dom 761ms (cache miss)
20 silly fetch manifest @testing-library/jest-dom@^6.6.3
21 http fetch GET 200 https://registry.npmjs.org/@testing-library%2fjest-dom 244ms (cache miss)
22 silly fetch manifest @testing-library/react@^16.3.0
23 http fetch GET 200 https://registry.npmjs.org/@testing-library%2freact 235ms (cache miss)
24 silly fetch manifest @testing-library/dom@^10.0.0
25 http fetch GET 200 https://registry.npmjs.org/@testing-library%2fdom 244ms (cache miss)
26 silly fetch manifest @types/react@^19.1.13
27 http fetch GET 200 https://registry.npmjs.org/@types%2freact 257ms (cache miss)
28 silly fetch manifest @types/react-dom@^19.1.9
29 http fetch GET 200 https://registry.npmjs.org/@types%2freact-dom 241ms (cache miss)
30 silly fetch manifest @types/node@^24.4.0
31 http fetch GET 200 https://registry.npmjs.org/@types%2fnode 355ms (cache miss)
32 silly fetch manifest @vitejs/plugin-react@^4.3.4
33 http fetch GET 200 https://registry.npmjs.org/@vitejs%2fplugin-react 247ms (cache miss)
34 silly fetch manifest vite@^5.4.14
35 http fetch GET 200 https://registry.npmjs.org/vite 804ms (cache miss)
36 silly fetch manifest less@*
37 http fetch GET 200 https://registry.npmjs.org/less 225ms (cache miss)
38 silly fetch manifest lightningcss@^1.21.0
39 http fetch GET 200 https://registry.npmjs.org/lightningcss 212ms (cache miss)
40 silly fetch manifest sass@*
41 http fetch GET 200 https://registry.npmjs.org/sass 232ms (cache miss)
42 silly fetch manifest sass-embedded@*
43 http fetch GET 200 https://registry.npmjs.org/sass-embedded 214ms (cache miss)
44 silly fetch manifest stylus@*
45 http fetch GET 200 https://registry.npmjs.org/stylus 213ms (cache miss)
46 silly fetch manifest sugarss@*
47 http fetch GET 200 https://registry.npmjs.org/sugarss 208ms (cache miss)
48 silly fetch manifest postcss@^8.3.3
49 http fetch GET 200 https://registry.npmjs.org/postcss 224ms (cache miss)
50 silly fetch manifest terser@^5.4.0
51 http fetch GET 200 https://registry.npmjs.org/terser 224ms (cache miss)
52 silly fetch manifest jsdom@^26.1.0
53 http fetch GET 200 https://registry.npmjs.org/jsdom 225ms (cache miss)
54 silly fetch manifest canvas@^3.0.0
55 http fetch GET 200 https://registry.npmjs.org/canvas 216ms (cache miss)
56 silly fetch manifest typescript@^5.9.2
57 http fetch GET 200 https://registry.npmjs.org/typescript 474ms (cache miss)
58 silly fetch manifest vitest@^3.2.4
59 http fetch GET 200 https://registry.npmjs.org/vitest 241ms (cache miss)
60 silly fetch manifest @edge-runtime/vm@*
61 http fetch GET 200 https://registry.npmjs.org/@edge-runtime%2fvm 239ms (cache miss)
62 silly fetch manifest @types/debug@^4.1.12
63 http fetch GET 200 https://registry.npmjs.org/@types%2fdebug 219ms (cache miss)
64 silly fetch manifest @vitest/browser@3.2.4
65 http fetch GET 200 https://registry.npmjs.org/@vitest%2fbrowser 241ms (cache miss)
66 silly fetch manifest playwright@*
67 http fetch GET 200 https://registry.npmjs.org/playwright 533ms (cache miss)
68 silly fetch manifest webdriverio@^7.0.0 || ^8.0.0 || ^9.0.0
69 http fetch GET 200 https://registry.npmjs.org/webdriverio 258ms (cache miss)
70 silly fetch manifest puppeteer-core@>=22.x || <=24.x
71 http fetch GET 200 https://registry.npmjs.org/puppeteer-core 271ms (cache miss)
72 silly fetch manifest @vitest/ui@3.2.4
73 http fetch GET 200 https://registry.npmjs.org/@vitest%2fui 243ms (cache miss)
74 silly fetch manifest happy-dom@*
75 http fetch GET 200 https://registry.npmjs.org/happy-dom 246ms (cache miss)
76 silly placeDep ROOT @testing-library/jest-dom@6.9.1 OK for: grit-backtest-platform-web@0.1.0 want: ^6.6.3
77 silly placeDep ROOT @testing-library/react@16.3.2 OK for: grit-backtest-platform-web@0.1.0 want: ^16.3.0
78 silly placeDep ROOT @testing-library/dom@10.4.1 OK for: @testing-library/react@16.3.2 want: ^10.0.0
79 silly placeDep ROOT react@19.2.4 OK for: @testing-library/react@16.3.2 want: ^18.0.0 || ^19.0.0
80 silly placeDep ROOT react-dom@19.2.4 OK for: @testing-library/react@16.3.2 want: ^18.0.0 || ^19.0.0
81 silly placeDep ROOT @types/node@24.12.0 OK for: grit-backtest-platform-web@0.1.0 want: ^24.4.0
82 silly placeDep ROOT @types/react@19.2.14 OK for: grit-backtest-platform-web@0.1.0 want: ^19.1.13
83 silly placeDep ROOT @types/react-dom@19.2.3 OK for: grit-backtest-platform-web@0.1.0 want: ^19.1.9
84 silly placeDep ROOT @vitejs/plugin-react@4.7.0 OK for: grit-backtest-platform-web@0.1.0 want: ^4.3.4
85 silly placeDep ROOT vite@5.4.21 OK for: @vitejs/plugin-react@4.7.0 want: ^4.2.0 || ^5.0.0 || ^6.0.0 || ^7.0.0
86 silly placeDep ROOT echarts@6.0.0 OK for: grit-backtest-platform-web@0.1.0 want: ^6.0.0
87 silly placeDep ROOT jsdom@26.1.0 OK for: grit-backtest-platform-web@0.1.0 want: ^26.1.0
88 silly placeDep ROOT typescript@5.9.3 OK for: grit-backtest-platform-web@0.1.0 want: ^5.9.2
89 silly placeDep ROOT vitest@3.2.4 OK for: grit-backtest-platform-web@0.1.0 want: ^3.2.4
90 silly fetch manifest redent@^3.0.0
91 silly fetch manifest aria-query@^5.0.0
92 silly fetch manifest css.escape@^1.5.1
93 silly fetch manifest picocolors@^1.1.1
94 silly fetch manifest @adobe/css-tools@^4.4.0
95 silly fetch manifest dom-accessibility-api@^0.6.3
96 silly fetch manifest @babel/runtime@^7.12.5
97 silly fetch manifest scheduler@^0.27.0
98 silly fetch manifest lz-string@^1.5.0
99 silly fetch manifest aria-query@5.3.0
100 silly fetch manifest picocolors@1.1.1
101 http fetch GET 200 https://registry.npmjs.org/redent 211ms (cache miss)
102 silly fetch manifest pretty-format@^27.0.2
103 http fetch GET 200 https://registry.npmjs.org/aria-query 221ms (cache miss)
104 http fetch GET 200 https://registry.npmjs.org/pretty-format 227ms (cache miss)
105 silly fetch manifest @babel/code-frame@^7.10.4
106 http fetch GET 200 https://registry.npmjs.org/@babel%2fcode-frame 223ms (cache miss)
107 silly fetch manifest @types/aria-query@^5.0.1
108 http fetch GET 200 https://registry.npmjs.org/@types%2faria-query 243ms (cache miss)
109 silly fetch manifest dom-accessibility-api@^0.5.9
110 http fetch GET 200 https://registry.npmjs.org/dom-accessibility-api 226ms (cache miss)
111 silly fetch manifest undici-types@~7.16.0
112 http fetch GET 200 https://registry.npmjs.org/picocolors 1239ms (cache miss)
113 silly fetch manifest csstype@^3.2.2
114 http fetch GET 200 https://registry.npmjs.org/aria-query 1295ms (cache miss)
115 silly fetch manifest @babel/core@^7.28.0
116 http fetch GET 200 https://registry.npmjs.org/picocolors 1357ms (cache miss)
117 silly fetch manifest react-refresh@^0.17.0
118 http fetch GET 200 https://registry.npmjs.org/css.escape 1360ms (cache miss)
119 silly fetch manifest @types/babel__core@^7.20.5
120 http fetch GET 200 https://registry.npmjs.org/lz-string 1359ms (cache miss)
121 silly fetch manifest @rolldown/pluginutils@1.0.0-beta.27
122 http fetch GET 200 https://registry.npmjs.org/undici-types 226ms (cache miss)
123 silly fetch manifest @babel/plugin-transform-react-jsx-self@^7.27.1
124 http fetch GET 200 https://registry.npmjs.org/@adobe%2fcss-tools 1386ms (cache miss)
125 silly fetch manifest @babel/plugin-transform-react-jsx-source@^7.27.1
126 http fetch GET 200 https://registry.npmjs.org/csstype 216ms (cache miss)
127 silly fetch manifest rollup@^4.20.0
128 http fetch GET 200 https://registry.npmjs.org/dom-accessibility-api 1535ms (cache miss)
129 silly fetch manifest esbuild@^0.21.3
130 http fetch GET 200 https://registry.npmjs.org/@babel%2fplugin-transform-react-jsx-source 220ms (cache miss)
131 silly fetch manifest postcss@^8.4.43
132 silly fetch manifest fsevents@~2.3.3
133 http fetch GET 200 https://registry.npmjs.org/@types%2fbabel__core 407ms (cache miss)
134 silly fetch manifest tslib@2.3.0
135 http fetch GET 200 https://registry.npmjs.org/@rolldown%2fpluginutils 431ms (cache miss)
136 silly fetch manifest zrender@6.0.0
137 http fetch GET 200 https://registry.npmjs.org/esbuild 262ms (cache miss)
138 silly fetch manifest ws@^8.18.0
139 http fetch GET 200 https://registry.npmjs.org/@babel%2fplugin-transform-react-jsx-self 485ms (cache miss)
140 silly fetch manifest saxes@^6.0.0
141 http fetch GET 200 https://registry.npmjs.org/fsevents 320ms (cache miss)
142 silly fetch manifest nwsapi@^2.2.16
143 http fetch GET 200 https://registry.npmjs.org/tslib 217ms (cache miss)
144 silly fetch manifest parse5@^7.2.1
145 http fetch GET 200 https://registry.npmjs.org/@babel%2fcore 715ms (cache miss)
146 silly fetch manifest cssstyle@^4.2.1
147 http fetch GET 200 https://registry.npmjs.org/@babel%2fruntime 2036ms (cache miss)
148 silly fetch manifest data-urls@^5.0.0
149 silly fetch manifest decimal.js@^10.5.0
150 http fetch GET 200 https://registry.npmjs.org/saxes 217ms (cache miss)
151 silly fetch manifest whatwg-url@^14.1.1
152 http fetch GET 200 https://registry.npmjs.org/nwsapi 271ms (cache miss)
153 silly fetch manifest rrweb-cssom@^0.8.0
154 http fetch GET 200 https://registry.npmjs.org/parse5 251ms (cache miss)
155 silly fetch manifest symbol-tree@^3.2.4
156 http fetch GET 200 https://registry.npmjs.org/cssstyle 230ms (cache miss)
157 silly fetch manifest tough-cookie@^5.1.1
158 http fetch GET 200 https://registry.npmjs.org/ws 450ms (cache miss)
159 silly fetch manifest whatwg-encoding@^3.1.1
160 http fetch GET 200 https://registry.npmjs.org/data-urls 209ms (cache miss)
161 silly fetch manifest whatwg-mimetype@^4.0.0
162 http fetch GET 200 https://registry.npmjs.org/whatwg-url 214ms (cache miss)
163 silly fetch manifest http-proxy-agent@^7.0.2
164 http fetch GET 200 https://registry.npmjs.org/decimal.js 244ms (cache miss)
165 silly fetch manifest https-proxy-agent@^7.0.6
166 http fetch GET 200 https://registry.npmjs.org/zrender 527ms (cache miss)
167 silly fetch manifest w3c-xmlserializer@^5.0.0
168 http fetch GET 200 https://registry.npmjs.org/rrweb-cssom 226ms (cache miss)
169 silly fetch manifest webidl-conversions@^7.0.0
170 http fetch GET 200 https://registry.npmjs.org/whatwg-mimetype 193ms (cache miss)
171 silly fetch manifest xml-name-validator@^5.0.0
172 http fetch GET 200 https://registry.npmjs.org/symbol-tree 225ms (cache miss)
173 silly fetch manifest html-encoding-sniffer@^4.0.0
174 http fetch GET 200 https://registry.npmjs.org/tough-cookie 216ms (cache miss)
175 silly fetch manifest is-potential-custom-element-name@^1.0.1
176 http fetch GET 200 https://registry.npmjs.org/whatwg-encoding 217ms (cache miss)
177 silly fetch manifest chai@^5.2.0
178 http fetch GET 200 https://registry.npmjs.org/http-proxy-agent 211ms (cache miss)
179 silly fetch manifest debug@^4.4.1
180 http fetch GET 200 https://registry.npmjs.org/https-proxy-agent 223ms (cache miss)
181 silly fetch manifest pathe@^2.0.3
182 http fetch GET 200 https://registry.npmjs.org/w3c-xmlserializer 245ms (cache miss)
183 silly fetch manifest std-env@^3.9.0
184 http fetch GET 200 https://registry.npmjs.org/xml-name-validator 198ms (cache miss)
185 silly fetch manifest tinyexec@^0.3.2
186 http fetch GET 200 https://registry.npmjs.org/webidl-conversions 240ms (cache miss)
187 silly fetch manifest tinypool@^1.1.1
188 http fetch GET 200 https://registry.npmjs.org/is-potential-custom-element-name 216ms (cache miss)
189 silly fetch manifest picomatch@^4.0.2
190 http fetch GET 200 https://registry.npmjs.org/html-encoding-sniffer 226ms (cache miss)
191 silly fetch manifest tinybench@^2.9.0
192 http fetch GET 200 https://registry.npmjs.org/rollup 1247ms (cache miss)
193 silly fetch manifest vite-node@3.2.4
194 http fetch GET 200 https://registry.npmjs.org/pathe 253ms (cache miss)
195 silly fetch manifest tinyglobby@^0.2.14
196 http fetch GET 200 https://registry.npmjs.org/chai 299ms (cache miss)
197 silly fetch manifest @types/chai@^5.2.2
198 http fetch GET 200 https://registry.npmjs.org/debug 278ms (cache miss)
199 silly fetch manifest @vitest/spy@3.2.4
200 http fetch GET 200 https://registry.npmjs.org/react-refresh 1429ms (cache miss)
201 silly fetch manifest expect-type@^1.2.1
202 http fetch GET 200 https://registry.npmjs.org/std-env 289ms (cache miss)
203 silly fetch manifest tinyrainbow@^2.0.0
204 http fetch GET 200 https://registry.npmjs.org/tinyexec 205ms (cache miss)
205 silly fetch manifest magic-string@^0.30.17
206 http fetch GET 200 https://registry.npmjs.org/scheduler 2870ms (cache miss)
207 silly fetch manifest @vitest/utils@3.2.4
208 http fetch GET 200 https://registry.npmjs.org/tinybench 214ms (cache miss)
209 silly fetch manifest @vitest/expect@3.2.4
210 http fetch GET 200 https://registry.npmjs.org/tinypool 267ms (cache miss)
211 silly fetch manifest @vitest/mocker@3.2.4
212 http fetch GET 200 https://registry.npmjs.org/picomatch 267ms (cache miss)
213 silly fetch manifest @vitest/runner@3.2.4
214 http fetch GET 200 https://registry.npmjs.org/tinyglobby 190ms (cache miss)
215 silly fetch manifest @vitest/snapshot@3.2.4
216 http fetch GET 200 https://registry.npmjs.org/vite-node 271ms (cache miss)
217 silly fetch manifest why-is-node-running@^2.3.0
218 http fetch GET 200 https://registry.npmjs.org/@vitest%2fspy 288ms (cache miss)
219 silly fetch manifest @vitest/pretty-format@^3.2.4
220 http fetch GET 200 https://registry.npmjs.org/tinyrainbow 223ms (cache miss)
221 http fetch GET 200 https://registry.npmjs.org/magic-string 230ms (cache miss)
222 http fetch GET 200 https://registry.npmjs.org/expect-type 250ms (cache miss)
223 http fetch GET 200 https://registry.npmjs.org/@types%2fchai 336ms (cache miss)
224 http fetch GET 200 https://registry.npmjs.org/@vitest%2fexpect 238ms (cache miss)
225 http fetch GET 200 https://registry.npmjs.org/@vitest%2futils 285ms (cache miss)
226 http fetch GET 200 https://registry.npmjs.org/@vitest%2fsnapshot 230ms (cache miss)
227 http fetch GET 200 https://registry.npmjs.org/@vitest%2fmocker 283ms (cache miss)
228 http fetch GET 200 https://registry.npmjs.org/why-is-node-running 210ms (cache miss)
229 http fetch GET 200 https://registry.npmjs.org/@vitest%2frunner 345ms (cache miss)
230 http fetch GET 200 https://registry.npmjs.org/@vitest%2fpretty-format 231ms (cache miss)
231 silly placeDep ROOT @babel/code-frame@7.29.0 OK for: @testing-library/dom@10.4.1 want: ^7.10.4
232 silly placeDep ROOT @babel/runtime@7.29.2 OK for: @testing-library/dom@10.4.1 want: ^7.12.5
233 silly placeDep ROOT @types/aria-query@5.0.4 OK for: @testing-library/dom@10.4.1 want: ^5.0.1
234 silly placeDep ROOT aria-query@5.3.0 OK for: @testing-library/dom@10.4.1 want: 5.3.0
235 silly placeDep ROOT dom-accessibility-api@0.5.16 OK for: @testing-library/dom@10.4.1 want: ^0.5.9
236 silly placeDep ROOT lz-string@1.5.0 OK for: @testing-library/dom@10.4.1 want: ^1.5.0
237 silly placeDep ROOT picocolors@1.1.1 OK for: @testing-library/dom@10.4.1 want: 1.1.1
238 silly placeDep ROOT pretty-format@27.5.1 OK for: @testing-library/dom@10.4.1 want: ^27.0.2
239 silly fetch manifest js-tokens@^4.0.0
240 silly fetch manifest @babel/helper-validator-identifier@^7.28.5
241 silly fetch manifest dequal@^2.0.3
242 silly fetch manifest react-is@^17.0.1
243 silly fetch manifest ansi-regex@^5.0.1
244 silly fetch manifest ansi-styles@^5.0.0
245 http fetch GET 200 https://registry.npmjs.org/ansi-styles 219ms (cache miss)
246 http fetch GET 200 https://registry.npmjs.org/dequal 229ms (cache miss)
247 http fetch GET 200 https://registry.npmjs.org/ansi-regex 229ms (cache miss)
248 http fetch GET 200 https://registry.npmjs.org/js-tokens 264ms (cache miss)
249 http fetch GET 200 https://registry.npmjs.org/@babel%2fhelper-validator-identifier 264ms (cache miss)
250 http fetch GET 200 https://registry.npmjs.org/react-is 934ms (cache miss)
251 silly placeDep ROOT @babel/helper-validator-identifier@7.28.5 OK for: @babel/code-frame@7.29.0 want: ^7.28.5
252 silly placeDep ROOT js-tokens@4.0.0 OK for: @babel/code-frame@7.29.0 want: ^4.0.0
253 silly placeDep ROOT @adobe/css-tools@4.4.4 OK for: @testing-library/jest-dom@6.9.1 want: ^4.4.0
254 silly placeDep ROOT css.escape@1.5.1 OK for: @testing-library/jest-dom@6.9.1 want: ^1.5.1
255 silly placeDep node_modules/@testing-library/jest-dom dom-accessibility-api@0.6.3 OK for: @testing-library/jest-dom@6.9.1 want: ^0.6.3
256 silly placeDep ROOT redent@3.0.0 OK for: @testing-library/jest-dom@6.9.1 want: ^3.0.0
257 silly fetch manifest indent-string@^4.0.0
258 silly fetch manifest strip-indent@^3.0.0
259 http fetch GET 200 https://registry.npmjs.org/indent-string 197ms (cache miss)
260 http fetch GET 200 https://registry.npmjs.org/strip-indent 214ms (cache miss)
261 silly placeDep ROOT undici-types@7.16.0 OK for: @types/node@24.12.0 want: ~7.16.0
262 silly placeDep ROOT csstype@3.2.3 OK for: @types/react@19.2.14 want: ^3.2.2
263 silly placeDep ROOT @babel/core@7.29.0 OK for: @vitejs/plugin-react@4.7.0 want: ^7.28.0
264 silly placeDep ROOT @babel/plugin-transform-react-jsx-self@7.27.1 OK for: @vitejs/plugin-react@4.7.0 want: ^7.27.1
265 silly placeDep ROOT @babel/plugin-transform-react-jsx-source@7.27.1 OK for: @vitejs/plugin-react@4.7.0 want: ^7.27.1
266 silly placeDep ROOT @rolldown/pluginutils@1.0.0-beta.27 OK for: @vitejs/plugin-react@4.7.0 want: 1.0.0-beta.27
267 silly placeDep ROOT @types/babel__core@7.20.5 OK for: @vitejs/plugin-react@4.7.0 want: ^7.20.5
268 silly placeDep ROOT react-refresh@0.17.0 OK for: @vitejs/plugin-react@4.7.0 want: ^0.17.0
269 silly fetch manifest debug@^4.1.0
270 silly fetch manifest json5@^2.2.3
271 silly fetch manifest semver@^6.3.1
272 silly fetch manifest gensync@^1.0.0-beta.2
273 silly fetch manifest @babel/types@^7.29.0
274 silly fetch manifest @babel/parser@^7.29.0
275 silly fetch manifest @babel/helpers@^7.28.6
276 silly fetch manifest @babel/template@^7.28.6
277 silly fetch manifest @babel/traverse@^7.29.0
278 silly fetch manifest @babel/generator@^7.29.0
279 silly fetch manifest convert-source-map@^2.0.0
280 silly fetch manifest @jridgewell/remapping@^2.3.5
281 http fetch GET 200 https://registry.npmjs.org/convert-source-map 214ms (cache miss)
282 silly fetch manifest @babel/helper-module-transforms@^7.28.6
283 http fetch GET 200 https://registry.npmjs.org/json5 222ms (cache miss)
284 silly fetch manifest @babel/helper-compilation-targets@^7.28.6
285 http fetch GET 200 https://registry.npmjs.org/gensync 234ms (cache miss)
286 silly fetch manifest @babel/helper-plugin-utils@^7.27.1
287 http fetch GET 200 https://registry.npmjs.org/@babel%2ftemplate 248ms (cache miss)
288 http fetch GET 200 https://registry.npmjs.org/@jridgewell%2fremapping 249ms (cache miss)
289 silly fetch manifest @babel/types@^7.20.7
290 http fetch GET 200 https://registry.npmjs.org/@babel%2fhelpers 257ms (cache miss)
291 silly fetch manifest @babel/parser@^7.20.7
292 http fetch GET 200 https://registry.npmjs.org/@babel%2fgenerator 260ms (cache miss)
293 silly fetch manifest @types/babel__template@*
294 http fetch GET 200 https://registry.npmjs.org/semver 302ms (cache miss)
295 silly fetch manifest @types/babel__traverse@*
296 http fetch GET 200 https://registry.npmjs.org/@babel%2fparser 337ms (cache miss)
297 silly fetch manifest @types/babel__generator@*
298 http fetch GET 200 https://registry.npmjs.org/@babel%2ftypes 395ms (cache miss)
299 http fetch GET 200 https://registry.npmjs.org/@babel%2fhelper-module-transforms 213ms (cache miss)
300 http fetch GET 200 https://registry.npmjs.org/@babel%2fhelper-compilation-targets 232ms (cache miss)
301 http fetch GET 200 https://registry.npmjs.org/@babel%2fhelper-plugin-utils 223ms (cache miss)
302 http fetch GET 200 https://registry.npmjs.org/@types%2fbabel__template 219ms (cache miss)
303 http fetch GET 200 https://registry.npmjs.org/@types%2fbabel__traverse 218ms (cache miss)
304 http fetch GET 200 https://registry.npmjs.org/@babel%2ftraverse 536ms (cache miss)
305 http fetch GET 200 https://registry.npmjs.org/@types%2fbabel__generator 222ms (cache miss)
306 http fetch GET 200 https://registry.npmjs.org/@babel%2fparser 358ms (cache miss)
307 http fetch GET 200 https://registry.npmjs.org/@babel%2ftypes 504ms (cache miss)
308 silly fetch manifest @babel/core@^7.0.0
309 silly placeDep ROOT @babel/generator@7.29.1 OK for: @babel/core@7.29.0 want: ^7.29.0
310 silly placeDep ROOT @babel/helper-compilation-targets@7.28.6 OK for: @babel/core@7.29.0 want: ^7.28.6
311 silly placeDep ROOT @babel/helper-module-transforms@7.28.6 OK for: @babel/core@7.29.0 want: ^7.28.6
312 silly placeDep ROOT @babel/helpers@7.29.2 OK for: @babel/core@7.29.0 want: ^7.28.6
313 silly placeDep ROOT @babel/parser@7.29.2 OK for: @babel/core@7.29.0 want: ^7.29.0
314 silly placeDep ROOT @babel/template@7.28.6 OK for: @babel/core@7.29.0 want: ^7.28.6
315 silly placeDep ROOT @babel/traverse@7.29.0 OK for: @babel/core@7.29.0 want: ^7.29.0
316 silly placeDep ROOT @babel/types@7.29.0 OK for: @babel/core@7.29.0 want: ^7.29.0
317 silly placeDep ROOT @jridgewell/remapping@2.3.5 OK for: @babel/core@7.29.0 want: ^2.3.5
318 silly placeDep ROOT convert-source-map@2.0.0 OK for: @babel/core@7.29.0 want: ^2.0.0
319 silly placeDep ROOT debug@4.4.3 OK for: @babel/core@7.29.0 want: ^4.1.0
320 silly placeDep ROOT gensync@1.0.0-beta.2 OK for: @babel/core@7.29.0 want: ^1.0.0-beta.2
321 silly placeDep ROOT json5@2.2.3 OK for: @babel/core@7.29.0 want: ^2.2.3
322 silly placeDep ROOT semver@6.3.1 OK for: @babel/core@7.29.0 want: ^6.3.1
323 silly fetch manifest jsesc@^3.0.2
324 silly fetch manifest @jridgewell/gen-mapping@^0.3.12
325 silly fetch manifest @jridgewell/trace-mapping@^0.3.28
326 silly fetch manifest lru-cache@^5.1.1
327 silly fetch manifest browserslist@^4.24.0
328 silly fetch manifest @babel/compat-data@^7.28.6
329 silly fetch manifest @babel/helper-validator-option@^7.27.1
330 silly fetch manifest @babel/traverse@^7.28.6
331 silly fetch manifest @babel/helper-module-imports@^7.28.6
332 silly fetch manifest @babel/types@^7.28.6
333 silly fetch manifest debug@^4.3.1
334 silly fetch manifest @babel/helper-globals@^7.28.0
335 silly fetch manifest @babel/helper-string-parser@^7.27.1
336 silly fetch manifest @jridgewell/gen-mapping@^0.3.5
337 http fetch GET 200 https://registry.npmjs.org/@jridgewell%2ftrace-mapping 218ms (cache miss)
338 silly fetch manifest @jridgewell/trace-mapping@^0.3.24
339 silly fetch manifest ms@^2.1.3
340 http fetch GET 200 https://registry.npmjs.org/@jridgewell%2fgen-mapping 236ms (cache miss)
341 http fetch GET 200 https://registry.npmjs.org/@babel%2fhelper-globals 234ms (cache miss)
342 http fetch GET 200 https://registry.npmjs.org/jsesc 246ms (cache miss)
343 http fetch GET 200 https://registry.npmjs.org/@babel%2fhelper-string-parser 239ms (cache miss)
344 http fetch GET 200 https://registry.npmjs.org/@babel%2fhelper-validator-option 248ms (cache miss)
345 http fetch GET 200 https://registry.npmjs.org/@jridgewell%2fgen-mapping 248ms (cache miss)
346 http fetch GET 200 https://registry.npmjs.org/@babel%2fcompat-data 256ms (cache miss)
347 http fetch GET 200 https://registry.npmjs.org/lru-cache 260ms (cache miss)
348 http fetch GET 200 https://registry.npmjs.org/browserslist 263ms (cache miss)
349 http fetch GET 200 https://registry.npmjs.org/@babel%2fhelper-module-imports 266ms (cache miss)
350 http fetch GET 200 https://registry.npmjs.org/ms 194ms (cache miss)
351 silly placeDep ROOT @jridgewell/gen-mapping@0.3.13 OK for: @babel/generator@7.29.1 want: ^0.3.12
352 silly placeDep ROOT @jridgewell/trace-mapping@0.3.31 OK for: @babel/generator@7.29.1 want: ^0.3.28
353 silly placeDep ROOT jsesc@3.1.0 OK for: @babel/generator@7.29.1 want: ^3.0.2
354 silly fetch manifest @jridgewell/sourcemap-codec@^1.5.0
355 silly fetch manifest @jridgewell/resolve-uri@^3.1.0
356 silly fetch manifest @jridgewell/sourcemap-codec@^1.4.14
357 http fetch GET 200 https://registry.npmjs.org/@jridgewell%2fsourcemap-codec 212ms (cache miss)
358 http fetch GET 200 https://registry.npmjs.org/@jridgewell%2fresolve-uri 234ms (cache miss)
359 http fetch GET 200 https://registry.npmjs.org/@jridgewell%2fsourcemap-codec 236ms (cache miss)
360 silly placeDep ROOT @babel/compat-data@7.29.0 OK for: @babel/helper-compilation-targets@7.28.6 want: ^7.28.6
361 silly placeDep ROOT @babel/helper-validator-option@7.27.1 OK for: @babel/helper-compilation-targets@7.28.6 want: ^7.27.1
362 silly placeDep ROOT browserslist@4.28.1 OK for: @babel/helper-compilation-targets@7.28.6 want: ^4.24.0
363 silly placeDep ROOT lru-cache@5.1.1 OK for: @babel/helper-compilation-targets@7.28.6 want: ^5.1.1
364 silly fetch manifest baseline-browser-mapping@^2.9.0
365 silly fetch manifest caniuse-lite@^1.0.30001759
366 silly fetch manifest electron-to-chromium@^1.5.263
367 silly fetch manifest node-releases@^2.0.27
368 silly fetch manifest update-browserslist-db@^1.2.0
369 silly fetch manifest yallist@^3.0.2
370 http fetch GET 200 https://registry.npmjs.org/yallist 218ms (cache miss)
371 http fetch GET 200 https://registry.npmjs.org/update-browserslist-db 229ms (cache miss)
372 http fetch GET 200 https://registry.npmjs.org/baseline-browser-mapping 237ms (cache miss)
373 http fetch GET 200 https://registry.npmjs.org/node-releases 245ms (cache miss)
374 http fetch GET 200 https://registry.npmjs.org/caniuse-lite 307ms (cache miss)
375 http fetch GET 200 https://registry.npmjs.org/electron-to-chromium 580ms (cache miss)
376 silly placeDep ROOT @babel/helper-module-imports@7.28.6 OK for: @babel/helper-module-transforms@7.28.6 want: ^7.28.6
377 silly placeDep ROOT @babel/helper-plugin-utils@7.28.6 OK for: @babel/plugin-transform-react-jsx-self@7.27.1 want: ^7.27.1
378 silly placeDep ROOT @babel/helper-globals@7.28.0 OK for: @babel/traverse@7.29.0 want: ^7.28.0
379 silly placeDep ROOT @babel/helper-string-parser@7.27.1 OK for: @babel/types@7.29.0 want: ^7.27.1
380 silly placeDep ROOT @jridgewell/sourcemap-codec@1.5.5 OK for: @jridgewell/gen-mapping@0.3.13 want: ^1.5.0
381 silly placeDep ROOT @jridgewell/resolve-uri@3.1.2 OK for: @jridgewell/trace-mapping@0.3.31 want: ^3.1.0
382 silly placeDep ROOT @types/babel__generator@7.27.0 OK for: @types/babel__core@7.20.5 want: *
383 silly placeDep ROOT @types/babel__template@7.4.4 OK for: @types/babel__core@7.20.5 want: *
384 silly placeDep ROOT @types/babel__traverse@7.28.0 OK for: @types/babel__core@7.20.5 want: *
385 silly placeDep ROOT dequal@2.0.3 OK for: aria-query@5.3.0 want: ^2.0.3
386 silly fetch manifest browserslist@>= 4.21.0
387 silly placeDep ROOT baseline-browser-mapping@2.10.12 OK for: browserslist@4.28.1 want: ^2.9.0
388 silly placeDep ROOT caniuse-lite@1.0.30001782 OK for: browserslist@4.28.1 want: ^1.0.30001759
389 silly placeDep ROOT electron-to-chromium@1.5.328 OK for: browserslist@4.28.1 want: ^1.5.263
390 silly placeDep ROOT node-releases@2.0.36 OK for: browserslist@4.28.1 want: ^2.0.27
391 silly placeDep ROOT update-browserslist-db@1.2.3 OK for: browserslist@4.28.1 want: ^1.2.0
392 silly fetch manifest escalade@^3.2.0
393 http fetch GET 200 https://registry.npmjs.org/escalade 221ms (cache miss)
394 silly placeDep ROOT ms@2.1.3 OK for: debug@4.4.3 want: ^2.1.3
395 silly placeDep ROOT tslib@2.3.0 OK for: echarts@6.0.0 want: 2.3.0
396 silly placeDep ROOT zrender@6.0.0 OK for: echarts@6.0.0 want: 6.0.0
397 silly fetch manifest bufferutil@^4.0.1
398 http fetch GET 200 https://registry.npmjs.org/bufferutil 191ms (cache miss)
399 silly fetch manifest utf-8-validate@>=5.0.2
400 http fetch GET 200 https://registry.npmjs.org/utf-8-validate 207ms (cache miss)
401 silly placeDep ROOT cssstyle@4.6.0 OK for: jsdom@26.1.0 want: ^4.2.1
402 silly placeDep ROOT data-urls@5.0.0 OK for: jsdom@26.1.0 want: ^5.0.0
403 silly placeDep ROOT decimal.js@10.6.0 OK for: jsdom@26.1.0 want: ^10.5.0
404 silly placeDep ROOT html-encoding-sniffer@4.0.0 OK for: jsdom@26.1.0 want: ^4.0.0
405 silly placeDep ROOT http-proxy-agent@7.0.2 OK for: jsdom@26.1.0 want: ^7.0.2
406 silly placeDep ROOT https-proxy-agent@7.0.6 OK for: jsdom@26.1.0 want: ^7.0.6
407 silly placeDep ROOT is-potential-custom-element-name@1.0.1 OK for: jsdom@26.1.0 want: ^1.0.1
408 silly placeDep ROOT nwsapi@2.2.23 OK for: jsdom@26.1.0 want: ^2.2.16
409 silly placeDep ROOT parse5@7.3.0 OK for: jsdom@26.1.0 want: ^7.2.1
410 silly placeDep ROOT rrweb-cssom@0.8.0 OK for: jsdom@26.1.0 want: ^0.8.0
411 silly placeDep ROOT saxes@6.0.0 OK for: jsdom@26.1.0 want: ^6.0.0
412 silly placeDep ROOT symbol-tree@3.2.4 OK for: jsdom@26.1.0 want: ^3.2.4
413 silly placeDep ROOT tough-cookie@5.1.2 OK for: jsdom@26.1.0 want: ^5.1.1
414 silly placeDep ROOT w3c-xmlserializer@5.0.0 OK for: jsdom@26.1.0 want: ^5.0.0
415 silly placeDep ROOT webidl-conversions@7.0.0 OK for: jsdom@26.1.0 want: ^7.0.0
416 silly placeDep ROOT whatwg-encoding@3.1.1 OK for: jsdom@26.1.0 want: ^3.1.1
417 silly placeDep ROOT whatwg-mimetype@4.0.0 OK for: jsdom@26.1.0 want: ^4.0.0
418 silly placeDep ROOT whatwg-url@14.2.0 OK for: jsdom@26.1.0 want: ^14.1.1
419 silly placeDep ROOT ws@8.20.0 OK for: jsdom@26.1.0 want: ^8.18.0
420 silly placeDep ROOT xml-name-validator@5.0.0 OK for: jsdom@26.1.0 want: ^5.0.0
421 silly fetch manifest @asamuzakjp/css-color@^3.2.0
422 silly fetch manifest whatwg-url@^14.0.0
423 silly fetch manifest agent-base@^7.1.0
424 silly fetch manifest agent-base@^7.1.2
425 silly fetch manifest entities@^6.0.0
426 silly fetch manifest xmlchars@^2.2.0
427 silly fetch manifest tldts@^6.1.32
428 silly fetch manifest iconv-lite@0.6.3
429 silly fetch manifest tr46@^5.1.0
430 http fetch GET 200 https://registry.npmjs.org/xmlchars 221ms (cache miss)
431 http fetch GET 200 https://registry.npmjs.org/tr46 220ms (cache miss)
432 http fetch GET 200 https://registry.npmjs.org/agent-base 225ms (cache miss)
433 http fetch GET 200 https://registry.npmjs.org/iconv-lite 225ms (cache miss)
434 http fetch GET 200 https://registry.npmjs.org/agent-base 235ms (cache miss)
435 http fetch GET 200 https://registry.npmjs.org/entities 246ms (cache miss)
436 http fetch GET 200 https://registry.npmjs.org/@asamuzakjp%2fcss-color 253ms (cache miss)
437 http fetch GET 200 https://registry.npmjs.org/tldts 280ms (cache miss)
438 silly placeDep ROOT @asamuzakjp/css-color@3.2.0 OK for: cssstyle@4.6.0 want: ^3.2.0
439 silly fetch manifest lru-cache@^10.4.3
440 silly fetch manifest @csstools/css-calc@^2.1.3
441 silly fetch manifest @csstools/css-tokenizer@^3.0.3
442 silly fetch manifest @csstools/css-color-parser@^3.0.9
443 silly fetch manifest @csstools/css-parser-algorithms@^3.0.4
444 http fetch GET 200 https://registry.npmjs.org/@csstools%2fcss-tokenizer 210ms (cache miss)
445 http fetch GET 200 https://registry.npmjs.org/@csstools%2fcss-color-parser 216ms (cache miss)
446 http fetch GET 200 https://registry.npmjs.org/@csstools%2fcss-parser-algorithms 225ms (cache miss)
447 http fetch GET 200 https://registry.npmjs.org/@csstools%2fcss-calc 248ms (cache miss)
448 silly placeDep ROOT @csstools/css-calc@2.1.4 OK for: @asamuzakjp/css-color@3.2.0 want: ^2.1.3
449 silly placeDep ROOT @csstools/css-tokenizer@3.0.4 OK for: @csstools/css-calc@2.1.4 want: ^3.0.4
450 silly placeDep ROOT @csstools/css-parser-algorithms@3.0.5 OK for: @csstools/css-calc@2.1.4 want: ^3.0.5
451 silly placeDep ROOT @csstools/css-color-parser@3.1.0 OK for: @asamuzakjp/css-color@3.2.0 want: ^3.0.9
452 silly placeDep node_modules/@asamuzakjp/css-color lru-cache@10.4.3 OK for: @asamuzakjp/css-color@3.2.0 want: ^10.4.3
453 silly fetch manifest @csstools/color-helpers@^5.1.0
454 http fetch GET 200 https://registry.npmjs.org/@csstools%2fcolor-helpers 225ms (cache miss)
455 silly placeDep ROOT @csstools/color-helpers@5.1.0 OK for: @csstools/css-color-parser@3.1.0 want: ^5.1.0
456 silly placeDep ROOT agent-base@7.1.4 OK for: http-proxy-agent@7.0.2 want: ^7.1.0
457 silly placeDep ROOT yallist@3.1.1 OK for: lru-cache@5.1.1 want: ^3.0.2
458 silly placeDep ROOT entities@6.0.1 OK for: parse5@7.3.0 want: ^6.0.0
459 silly placeDep ROOT ansi-regex@5.0.1 OK for: pretty-format@27.5.1 want: ^5.0.1
460 silly placeDep ROOT ansi-styles@5.2.0 OK for: pretty-format@27.5.1 want: ^5.0.0
461 silly placeDep ROOT react-is@17.0.2 OK for: pretty-format@27.5.1 want: ^17.0.1
462 silly placeDep ROOT scheduler@0.27.0 OK for: react-dom@19.2.4 want: ^0.27.0
463 silly placeDep ROOT indent-string@4.0.0 OK for: redent@3.0.0 want: ^4.0.0
464 silly placeDep ROOT strip-indent@3.0.0 OK for: redent@3.0.0 want: ^3.0.0
465 silly fetch manifest min-indent@^1.0.0
466 http fetch GET 200 https://registry.npmjs.org/min-indent 215ms (cache miss)
467 silly placeDep ROOT xmlchars@2.2.0 OK for: saxes@6.0.0 want: ^2.2.0
468 silly placeDep ROOT min-indent@1.0.1 OK for: strip-indent@3.0.0 want: ^1.0.0
469 silly placeDep ROOT tldts@6.1.86 OK for: tough-cookie@5.1.2 want: ^6.1.32
470 silly fetch manifest tldts-core@^6.1.86
471 http fetch GET 200 https://registry.npmjs.org/tldts-core 267ms (cache miss)
472 silly placeDep ROOT tldts-core@6.1.86 OK for: tldts@6.1.86 want: ^6.1.86
473 silly placeDep ROOT escalade@3.2.0 OK for: update-browserslist-db@1.2.3 want: ^3.2.0
474 silly placeDep ROOT esbuild@0.21.5 OK for: vite@5.4.21 want: ^0.21.3
475 silly placeDep ROOT fsevents@2.3.3 OK for: vite@5.4.21 want: ~2.3.3
476 silly placeDep ROOT postcss@8.5.8 OK for: vite@5.4.21 want: ^8.4.43
477 silly placeDep ROOT rollup@4.60.1 OK for: vite@5.4.21 want: ^4.20.0
478 silly fetch manifest @esbuild/aix-ppc64@0.21.5
479 silly fetch manifest @esbuild/linux-arm@0.21.5
480 silly fetch manifest @esbuild/linux-x64@0.21.5
481 silly fetch manifest @esbuild/sunos-x64@0.21.5
482 silly fetch manifest @esbuild/win32-x64@0.21.5
483 silly fetch manifest @esbuild/darwin-x64@0.21.5
484 silly fetch manifest @esbuild/linux-ia32@0.21.5
485 silly fetch manifest @esbuild/netbsd-x64@0.21.5
486 silly fetch manifest @esbuild/win32-ia32@0.21.5
487 silly fetch manifest @esbuild/android-arm@0.21.5
488 silly fetch manifest @esbuild/android-x64@0.21.5
489 http fetch GET 200 https://registry.npmjs.org/@esbuild%2fdarwin-x64 226ms (cache miss)
490 silly fetch manifest @esbuild/freebsd-x64@0.21.5
491 http fetch GET 200 https://registry.npmjs.org/@esbuild%2flinux-ia32 240ms (cache miss)
492 silly fetch manifest @esbuild/linux-arm64@0.21.5
493 http fetch GET 200 https://registry.npmjs.org/@esbuild%2faix-ppc64 252ms (cache miss)
494 silly fetch manifest @esbuild/linux-ppc64@0.21.5
495 http fetch GET 200 https://registry.npmjs.org/@esbuild%2fwin32-ia32 253ms (cache miss)
496 silly fetch manifest @esbuild/linux-s390x@0.21.5
497 http fetch GET 200 https://registry.npmjs.org/@esbuild%2fwin32-x64 262ms (cache miss)
498 silly fetch manifest @esbuild/openbsd-x64@0.21.5
499 http fetch GET 200 https://registry.npmjs.org/@esbuild%2fandroid-x64 265ms (cache miss)
500 silly fetch manifest @esbuild/win32-arm64@0.21.5
501 http fetch GET 200 https://registry.npmjs.org/@esbuild%2fsunos-x64 270ms (cache miss)
502 silly fetch manifest @esbuild/darwin-arm64@0.21.5
503 http fetch GET 200 https://registry.npmjs.org/@esbuild%2fandroid-arm 271ms (cache miss)
504 silly fetch manifest @esbuild/android-arm64@0.21.5
505 http fetch GET 200 https://registry.npmjs.org/@esbuild%2fnetbsd-x64 281ms (cache miss)
506 silly fetch manifest @esbuild/freebsd-arm64@0.21.5
507 http fetch GET 200 https://registry.npmjs.org/@esbuild%2flinux-arm 288ms (cache miss)
508 silly fetch manifest @esbuild/linux-loong64@0.21.5
509 http fetch GET 200 https://registry.npmjs.org/@esbuild%2flinux-x64 298ms (cache miss)
510 silly fetch manifest @esbuild/linux-riscv64@0.21.5
511 http fetch GET 200 https://registry.npmjs.org/@esbuild%2ffreebsd-x64 207ms (cache miss)
512 silly fetch manifest @esbuild/linux-mips64el@0.21.5
513 http fetch GET 200 https://registry.npmjs.org/@esbuild%2flinux-arm64 226ms (cache miss)
514 silly fetch manifest nanoid@^3.3.11
515 http fetch GET 200 https://registry.npmjs.org/@esbuild%2flinux-s390x 222ms (cache miss)
516 silly fetch manifest source-map-js@^1.2.1
517 http fetch GET 200 https://registry.npmjs.org/@esbuild%2fwin32-arm64 226ms (cache miss)
518 silly fetch manifest @types/estree@1.0.8
519 http fetch GET 200 https://registry.npmjs.org/@esbuild%2fopenbsd-x64 236ms (cache miss)
520 silly fetch manifest @rollup/rollup-darwin-arm64@4.60.1
521 http fetch GET 200 https://registry.npmjs.org/@esbuild%2fdarwin-arm64 233ms (cache miss)
522 silly fetch manifest @rollup/rollup-android-arm64@4.60.1
523 http fetch GET 200 https://registry.npmjs.org/@esbuild%2fandroid-arm64 234ms (cache miss)
524 silly fetch manifest @rollup/rollup-win32-arm64-msvc@4.60.1
525 http fetch GET 200 https://registry.npmjs.org/@esbuild%2flinux-ppc64 265ms (cache miss)
526 silly fetch manifest @rollup/rollup-freebsd-arm64@4.60.1
527 http fetch GET 200 https://registry.npmjs.org/@esbuild%2ffreebsd-arm64 273ms (cache miss)
528 silly fetch manifest @rollup/rollup-linux-arm64-gnu@4.60.1
529 http fetch GET 200 https://registry.npmjs.org/@esbuild%2flinux-loong64 294ms (cache miss)
530 silly fetch manifest @rollup/rollup-linux-arm64-musl@4.60.1
531 http fetch GET 200 https://registry.npmjs.org/@esbuild%2flinux-riscv64 293ms (cache miss)
532 silly fetch manifest @rollup/rollup-android-arm-eabi@4.60.1
533 http fetch GET 200 https://registry.npmjs.org/@esbuild%2flinux-mips64el 204ms (cache miss)
534 silly fetch manifest @rollup/rollup-linux-arm-gnueabihf@4.60.1
535 http fetch GET 200 https://registry.npmjs.org/nanoid 212ms (cache miss)
536 silly fetch manifest @rollup/rollup-linux-arm-musleabihf@4.60.1
537 http fetch GET 200 https://registry.npmjs.org/source-map-js 210ms (cache miss)
538 silly fetch manifest @rollup/rollup-win32-ia32-msvc@4.60.1
539 http fetch GET 200 https://registry.npmjs.org/@types%2festree 218ms (cache miss)
540 silly fetch manifest @rollup/rollup-linux-loong64-gnu@4.60.1
541 http fetch GET 200 https://registry.npmjs.org/@rollup%2frollup-android-arm64 231ms (cache miss)
542 silly fetch manifest @rollup/rollup-linux-loong64-musl@4.60.1
543 http fetch GET 200 https://registry.npmjs.org/@rollup%2frollup-win32-arm64-msvc 231ms (cache miss)
544 silly fetch manifest @rollup/rollup-linux-riscv64-gnu@4.60.1
545 http fetch GET 200 https://registry.npmjs.org/@rollup%2frollup-darwin-arm64 245ms (cache miss)
546 silly fetch manifest @rollup/rollup-linux-riscv64-musl@4.60.1
547 http fetch GET 200 https://registry.npmjs.org/@rollup%2frollup-freebsd-arm64 239ms (cache miss)
548 silly fetch manifest @rollup/rollup-linux-ppc64-gnu@4.60.1
549 http fetch GET 200 https://registry.npmjs.org/@rollup%2frollup-linux-arm64-gnu 271ms (cache miss)
550 silly fetch manifest @rollup/rollup-linux-ppc64-musl@4.60.1
551 http fetch GET 200 https://registry.npmjs.org/@rollup%2frollup-linux-arm-gnueabihf 209ms (cache miss)
552 silly fetch manifest @rollup/rollup-linux-s390x-gnu@4.60.1
553 http fetch GET 200 https://registry.npmjs.org/@rollup%2frollup-linux-arm64-musl 276ms (cache miss)
554 silly fetch manifest @rollup/rollup-darwin-x64@4.60.1
555 http fetch GET 200 https://registry.npmjs.org/@rollup%2frollup-android-arm-eabi 299ms (cache miss)
556 silly fetch manifest @rollup/rollup-win32-x64-gnu@4.60.1
557 http fetch GET 200 https://registry.npmjs.org/@rollup%2frollup-linux-arm-musleabihf 223ms (cache miss)
558 silly fetch manifest @rollup/rollup-win32-x64-msvc@4.60.1
559 http fetch GET 200 https://registry.npmjs.org/@rollup%2frollup-win32-ia32-msvc 228ms (cache miss)
560 silly fetch manifest @rollup/rollup-freebsd-x64@4.60.1
561 http fetch GET 200 https://registry.npmjs.org/@rollup%2frollup-linux-loong64-gnu 224ms (cache miss)
562 silly fetch manifest @rollup/rollup-linux-x64-gnu@4.60.1
563 http fetch GET 200 https://registry.npmjs.org/@rollup%2frollup-linux-riscv64-musl 211ms (cache miss)
564 silly fetch manifest @rollup/rollup-linux-x64-musl@4.60.1
565 http fetch GET 200 https://registry.npmjs.org/@rollup%2frollup-linux-loong64-musl 225ms (cache miss)
566 silly fetch manifest @rollup/rollup-openbsd-x64@4.60.1
567 http fetch GET 200 https://registry.npmjs.org/@rollup%2frollup-linux-riscv64-gnu 234ms (cache miss)
568 silly fetch manifest @rollup/rollup-openharmony-arm64@4.60.1
569 http fetch GET 200 https://registry.npmjs.org/@rollup%2frollup-linux-ppc64-gnu 232ms (cache miss)
570 http fetch GET 200 https://registry.npmjs.org/@rollup%2frollup-linux-ppc64-musl 228ms (cache miss)
571 http fetch GET 200 https://registry.npmjs.org/@rollup%2frollup-linux-s390x-gnu 211ms (cache miss)
572 http fetch GET 200 https://registry.npmjs.org/@rollup%2frollup-win32-x64-gnu 227ms (cache miss)
573 http fetch GET 200 https://registry.npmjs.org/@rollup%2frollup-darwin-x64 275ms (cache miss)
574 http fetch GET 200 https://registry.npmjs.org/@rollup%2frollup-win32-x64-msvc 234ms (cache miss)
575 http fetch GET 200 https://registry.npmjs.org/@rollup%2frollup-freebsd-x64 225ms (cache miss)
576 http fetch GET 200 https://registry.npmjs.org/@rollup%2frollup-linux-x64-gnu 229ms (cache miss)
577 http fetch GET 200 https://registry.npmjs.org/@rollup%2frollup-openbsd-x64 224ms (cache miss)
578 http fetch GET 200 https://registry.npmjs.org/@rollup%2frollup-linux-x64-musl 237ms (cache miss)
579 http fetch GET 200 https://registry.npmjs.org/@rollup%2frollup-openharmony-arm64 223ms (cache miss)
580 silly placeDep ROOT @esbuild/aix-ppc64@0.21.5 OK for: esbuild@0.21.5 want: 0.21.5
581 silly placeDep ROOT @esbuild/android-arm@0.21.5 OK for: esbuild@0.21.5 want: 0.21.5
582 silly placeDep ROOT @esbuild/android-arm64@0.21.5 OK for: esbuild@0.21.5 want: 0.21.5
583 silly placeDep ROOT @esbuild/android-x64@0.21.5 OK for: esbuild@0.21.5 want: 0.21.5
584 silly placeDep ROOT @esbuild/darwin-arm64@0.21.5 OK for: esbuild@0.21.5 want: 0.21.5
585 silly placeDep ROOT @esbuild/darwin-x64@0.21.5 OK for: esbuild@0.21.5 want: 0.21.5
586 silly placeDep ROOT @esbuild/freebsd-arm64@0.21.5 OK for: esbuild@0.21.5 want: 0.21.5
587 silly placeDep ROOT @esbuild/freebsd-x64@0.21.5 OK for: esbuild@0.21.5 want: 0.21.5
588 silly placeDep ROOT @esbuild/linux-arm@0.21.5 OK for: esbuild@0.21.5 want: 0.21.5
589 silly placeDep ROOT @esbuild/linux-arm64@0.21.5 OK for: esbuild@0.21.5 want: 0.21.5
590 silly placeDep ROOT @esbuild/linux-ia32@0.21.5 OK for: esbuild@0.21.5 want: 0.21.5
591 silly placeDep ROOT @esbuild/linux-loong64@0.21.5 OK for: esbuild@0.21.5 want: 0.21.5
592 silly placeDep ROOT @esbuild/linux-mips64el@0.21.5 OK for: esbuild@0.21.5 want: 0.21.5
593 silly placeDep ROOT @esbuild/linux-ppc64@0.21.5 OK for: esbuild@0.21.5 want: 0.21.5
594 silly placeDep ROOT @esbuild/linux-riscv64@0.21.5 OK for: esbuild@0.21.5 want: 0.21.5
595 silly placeDep ROOT @esbuild/linux-s390x@0.21.5 OK for: esbuild@0.21.5 want: 0.21.5
596 silly placeDep ROOT @esbuild/linux-x64@0.21.5 OK for: esbuild@0.21.5 want: 0.21.5
597 silly placeDep ROOT @esbuild/netbsd-x64@0.21.5 OK for: esbuild@0.21.5 want: 0.21.5
598 silly placeDep ROOT @esbuild/openbsd-x64@0.21.5 OK for: esbuild@0.21.5 want: 0.21.5
599 silly placeDep ROOT @esbuild/sunos-x64@0.21.5 OK for: esbuild@0.21.5 want: 0.21.5
600 silly placeDep ROOT @esbuild/win32-arm64@0.21.5 OK for: esbuild@0.21.5 want: 0.21.5
601 silly placeDep ROOT @esbuild/win32-ia32@0.21.5 OK for: esbuild@0.21.5 want: 0.21.5
602 silly placeDep ROOT @esbuild/win32-x64@0.21.5 OK for: esbuild@0.21.5 want: 0.21.5
603 silly placeDep ROOT nanoid@3.3.11 OK for: postcss@8.5.8 want: ^3.3.11
604 silly placeDep ROOT source-map-js@1.2.1 OK for: postcss@8.5.8 want: ^1.2.1
605 silly placeDep ROOT @rollup/rollup-android-arm-eabi@4.60.1 OK for: rollup@4.60.1 want: 4.60.1
606 silly placeDep ROOT @rollup/rollup-android-arm64@4.60.1 OK for: rollup@4.60.1 want: 4.60.1
607 silly placeDep ROOT @rollup/rollup-darwin-arm64@4.60.1 OK for: rollup@4.60.1 want: 4.60.1
608 silly placeDep ROOT @rollup/rollup-darwin-x64@4.60.1 OK for: rollup@4.60.1 want: 4.60.1
609 silly placeDep ROOT @rollup/rollup-freebsd-arm64@4.60.1 OK for: rollup@4.60.1 want: 4.60.1
610 silly placeDep ROOT @rollup/rollup-freebsd-x64@4.60.1 OK for: rollup@4.60.1 want: 4.60.1
611 silly placeDep ROOT @rollup/rollup-linux-arm-gnueabihf@4.60.1 OK for: rollup@4.60.1 want: 4.60.1
612 silly placeDep ROOT @rollup/rollup-linux-arm-musleabihf@4.60.1 OK for: rollup@4.60.1 want: 4.60.1
613 silly placeDep ROOT @rollup/rollup-linux-arm64-gnu@4.60.1 OK for: rollup@4.60.1 want: 4.60.1
614 silly placeDep ROOT @rollup/rollup-linux-arm64-musl@4.60.1 OK for: rollup@4.60.1 want: 4.60.1
615 silly placeDep ROOT @rollup/rollup-linux-loong64-gnu@4.60.1 OK for: rollup@4.60.1 want: 4.60.1
616 silly placeDep ROOT @rollup/rollup-linux-loong64-musl@4.60.1 OK for: rollup@4.60.1 want: 4.60.1
617 silly placeDep ROOT @rollup/rollup-linux-ppc64-gnu@4.60.1 OK for: rollup@4.60.1 want: 4.60.1
618 silly placeDep ROOT @rollup/rollup-linux-ppc64-musl@4.60.1 OK for: rollup@4.60.1 want: 4.60.1
619 silly placeDep ROOT @rollup/rollup-linux-riscv64-gnu@4.60.1 OK for: rollup@4.60.1 want: 4.60.1
620 silly placeDep ROOT @rollup/rollup-linux-riscv64-musl@4.60.1 OK for: rollup@4.60.1 want: 4.60.1
621 silly placeDep ROOT @rollup/rollup-linux-s390x-gnu@4.60.1 OK for: rollup@4.60.1 want: 4.60.1
622 silly placeDep ROOT @rollup/rollup-linux-x64-gnu@4.60.1 OK for: rollup@4.60.1 want: 4.60.1
623 silly placeDep ROOT @rollup/rollup-linux-x64-musl@4.60.1 OK for: rollup@4.60.1 want: 4.60.1
624 silly placeDep ROOT @rollup/rollup-openbsd-x64@4.60.1 OK for: rollup@4.60.1 want: 4.60.1
625 silly placeDep ROOT @rollup/rollup-openharmony-arm64@4.60.1 OK for: rollup@4.60.1 want: 4.60.1
626 silly placeDep ROOT @rollup/rollup-win32-arm64-msvc@4.60.1 OK for: rollup@4.60.1 want: 4.60.1
627 silly placeDep ROOT @rollup/rollup-win32-ia32-msvc@4.60.1 OK for: rollup@4.60.1 want: 4.60.1
628 silly placeDep ROOT @rollup/rollup-win32-x64-gnu@4.60.1 OK for: rollup@4.60.1 want: 4.60.1
629 silly placeDep ROOT @rollup/rollup-win32-x64-msvc@4.60.1 OK for: rollup@4.60.1 want: 4.60.1
630 silly placeDep ROOT @types/estree@1.0.8 OK for: rollup@4.60.1 want: 1.0.8
631 silly fetch manifest msw@^2.4.9
632 http fetch GET 200 https://registry.npmjs.org/msw 356ms (cache miss)
633 silly fetch manifest typescript@>= 4.8.x
634 silly fetch manifest vite@^5.0.0 || ^6.0.0 || ^7.0.0-0
635 silly fetch manifest @types/node@^18.0.0 || ^20.0.0 || >=22.0.0
636 silly fetch manifest jiti@>=1.21.0
637 http fetch GET 200 https://registry.npmjs.org/jiti 282ms (cache miss)
638 silly fetch manifest terser@^5.16.0
639 silly fetch manifest tsx@^4.8.1
640 http fetch GET 200 https://registry.npmjs.org/tsx 205ms (cache miss)
641 silly fetch manifest yaml@^2.4.2
642 http fetch GET 200 https://registry.npmjs.org/yaml 309ms (cache miss)
643 silly placeDep ROOT @types/chai@5.2.3 OK for: vitest@3.2.4 want: ^5.2.2
644 silly placeDep ROOT @vitest/expect@3.2.4 OK for: vitest@3.2.4 want: 3.2.4
645 silly placeDep ROOT @vitest/mocker@3.2.4 OK for: vitest@3.2.4 want: 3.2.4
646 silly placeDep ROOT @vitest/pretty-format@3.2.4 OK for: vitest@3.2.4 want: ^3.2.4
647 silly placeDep ROOT @vitest/runner@3.2.4 OK for: vitest@3.2.4 want: 3.2.4
648 silly placeDep ROOT @vitest/snapshot@3.2.4 OK for: vitest@3.2.4 want: 3.2.4
649 silly placeDep ROOT @vitest/spy@3.2.4 OK for: vitest@3.2.4 want: 3.2.4
650 silly placeDep ROOT @vitest/utils@3.2.4 OK for: vitest@3.2.4 want: 3.2.4
651 silly placeDep ROOT chai@5.3.3 OK for: vitest@3.2.4 want: ^5.2.0
652 silly placeDep ROOT expect-type@1.3.0 OK for: vitest@3.2.4 want: ^1.2.1
653 silly placeDep ROOT magic-string@0.30.21 OK for: vitest@3.2.4 want: ^0.30.17
654 silly placeDep ROOT pathe@2.0.3 OK for: vitest@3.2.4 want: ^2.0.3
655 silly placeDep ROOT picomatch@4.0.4 OK for: vitest@3.2.4 want: ^4.0.2
656 silly placeDep ROOT std-env@3.10.0 OK for: vitest@3.2.4 want: ^3.9.0
657 silly placeDep ROOT tinybench@2.9.0 OK for: vitest@3.2.4 want: ^2.9.0
658 silly placeDep ROOT tinyexec@0.3.2 OK for: vitest@3.2.4 want: ^0.3.2
659 silly placeDep ROOT tinyglobby@0.2.15 OK for: vitest@3.2.4 want: ^0.2.14
660 silly placeDep ROOT tinypool@1.1.1 OK for: vitest@3.2.4 want: ^1.1.1
661 silly placeDep ROOT tinyrainbow@2.0.0 OK for: vitest@3.2.4 want: ^2.0.0
662 silly placeDep ROOT vite-node@3.2.4 OK for: vitest@3.2.4 want: 3.2.4
663 silly placeDep ROOT why-is-node-running@2.3.0 OK for: vitest@3.2.4 want: ^2.3.0
664 silly fetch manifest @types/deep-eql@*
665 silly fetch manifest assertion-error@^2.0.1
666 silly fetch manifest estree-walker@^3.0.3
667 silly fetch manifest strip-literal@^3.0.0
668 silly fetch manifest tinyspy@^4.0.3
669 silly fetch manifest loupe@^3.1.4
670 silly fetch manifest loupe@^3.1.0
671 silly fetch manifest pathval@^2.0.0
672 silly fetch manifest deep-eql@^5.0.1
673 silly fetch manifest check-error@^2.1.1
674 http fetch GET 200 https://registry.npmjs.org/check-error 201ms (cache miss)
675 silly fetch manifest fdir@^6.5.0
676 http fetch GET 200 https://registry.npmjs.org/assertion-error 216ms (cache miss)
677 silly fetch manifest cac@^6.7.14
678 silly fetch manifest es-module-lexer@^1.7.0
679 http fetch GET 200 https://registry.npmjs.org/pathval 233ms (cache miss)
680 silly fetch manifest siginfo@^2.0.0
681 http fetch GET 200 https://registry.npmjs.org/@types%2fdeep-eql 241ms (cache miss)
682 silly fetch manifest stackback@0.0.2
683 http fetch GET 200 https://registry.npmjs.org/strip-literal 242ms (cache miss)
684 http fetch GET 200 https://registry.npmjs.org/loupe 241ms (cache miss)
685 http fetch GET 200 https://registry.npmjs.org/tinyspy 243ms (cache miss)
686 http fetch GET 200 https://registry.npmjs.org/estree-walker 246ms (cache miss)
687 http fetch GET 200 https://registry.npmjs.org/deep-eql 240ms (cache miss)
688 http fetch GET 200 https://registry.npmjs.org/loupe 245ms (cache miss)
689 http fetch GET 200 https://registry.npmjs.org/cac 211ms (cache miss)
690 http fetch GET 200 https://registry.npmjs.org/es-module-lexer 216ms (cache miss)
691 http fetch GET 200 https://registry.npmjs.org/siginfo 210ms (cache miss)
692 http fetch GET 200 https://registry.npmjs.org/stackback 211ms (cache miss)
693 http fetch GET 200 https://registry.npmjs.org/fdir 251ms (cache miss)
694 silly placeDep ROOT @types/deep-eql@4.0.2 OK for: @types/chai@5.2.3 want: *
695 silly placeDep ROOT assertion-error@2.0.1 OK for: @types/chai@5.2.3 want: ^2.0.1
696 silly placeDep ROOT estree-walker@3.0.3 OK for: @vitest/mocker@3.2.4 want: ^3.0.3
697 silly placeDep ROOT strip-literal@3.1.0 OK for: @vitest/runner@3.2.4 want: ^3.0.0
698 silly fetch manifest js-tokens@^9.0.1
699 silly placeDep ROOT tinyspy@4.0.4 OK for: @vitest/spy@3.2.4 want: ^4.0.3
700 silly placeDep ROOT loupe@3.2.1 OK for: @vitest/utils@3.2.4 want: ^3.1.4
701 silly placeDep ROOT check-error@2.1.3 OK for: chai@5.3.3 want: ^2.1.1
702 silly placeDep ROOT deep-eql@5.0.2 OK for: chai@5.3.3 want: ^5.0.1
703 silly placeDep ROOT pathval@2.0.1 OK for: chai@5.3.3 want: ^2.0.0
704 silly placeDep node_modules/strip-literal js-tokens@9.0.1 OK for: strip-literal@3.1.0 want: ^9.0.1
705 silly fetch manifest picomatch@^4.0.3
706 silly placeDep ROOT fdir@6.5.0 OK for: tinyglobby@0.2.15 want: ^6.5.0
707 silly placeDep ROOT cac@6.7.14 OK for: vite-node@3.2.4 want: ^6.7.14
708 silly placeDep ROOT es-module-lexer@1.7.0 OK for: vite-node@3.2.4 want: ^1.7.0
709 silly placeDep ROOT iconv-lite@0.6.3 OK for: whatwg-encoding@3.1.1 want: 0.6.3
710 silly fetch manifest safer-buffer@>= 2.1.2 < 3.0.0
711 http fetch GET 200 https://registry.npmjs.org/safer-buffer 223ms (cache miss)
712 silly placeDep ROOT safer-buffer@2.1.2 OK for: iconv-lite@0.6.3 want: >= 2.1.2 < 3.0.0
713 silly placeDep ROOT tr46@5.1.1 OK for: whatwg-url@14.2.0 want: ^5.1.0
714 silly fetch manifest punycode@^2.3.1
715 http fetch GET 200 https://registry.npmjs.org/punycode 195ms (cache miss)
716 silly placeDep ROOT punycode@2.3.1 OK for: tr46@5.1.1 want: ^2.3.1
717 silly placeDep ROOT siginfo@2.0.0 OK for: why-is-node-running@2.3.0 want: ^2.0.0
718 silly placeDep ROOT stackback@0.0.2 OK for: why-is-node-running@2.3.0 want: 0.0.2
719 silly reify moves {}
720 silly audit bulk request {
720 silly audit   '@testing-library/jest-dom': [ '6.9.1' ],
720 silly audit   '@testing-library/react': [ '16.3.2' ],
720 silly audit   '@testing-library/dom': [ '10.4.1' ],
720 silly audit   react: [ '19.2.4' ],
720 silly audit   'react-dom': [ '19.2.4' ],
720 silly audit   '@types/node': [ '24.12.0' ],
720 silly audit   '@types/react': [ '19.2.14' ],
720 silly audit   '@types/react-dom': [ '19.2.3' ],
720 silly audit   '@vitejs/plugin-react': [ '4.7.0' ],
720 silly audit   vite: [ '5.4.21' ],
720 silly audit   echarts: [ '6.0.0' ],
720 silly audit   jsdom: [ '26.1.0' ],
720 silly audit   typescript: [ '5.9.3' ],
720 silly audit   vitest: [ '3.2.4' ],
720 silly audit   '@babel/code-frame': [ '7.29.0' ],
720 silly audit   '@babel/runtime': [ '7.29.2' ],
720 silly audit   '@types/aria-query': [ '5.0.4' ],
720 silly audit   'aria-query': [ '5.3.0' ],
720 silly audit   'dom-accessibility-api': [ '0.5.16', '0.6.3' ],
720 silly audit   'lz-string': [ '1.5.0' ],
720 silly audit   picocolors: [ '1.1.1' ],
720 silly audit   'pretty-format': [ '27.5.1' ],
720 silly audit   '@babel/helper-validator-identifier': [ '7.28.5' ],
720 silly audit   'js-tokens': [ '4.0.0', '9.0.1' ],
720 silly audit   '@adobe/css-tools': [ '4.4.4' ],
720 silly audit   'css.escape': [ '1.5.1' ],
720 silly audit   redent: [ '3.0.0' ],
720 silly audit   'undici-types': [ '7.16.0' ],
720 silly audit   csstype: [ '3.2.3' ],
720 silly audit   '@babel/core': [ '7.29.0' ],
720 silly audit   '@babel/plugin-transform-react-jsx-self': [ '7.27.1' ],
720 silly audit   '@babel/plugin-transform-react-jsx-source': [ '7.27.1' ],
720 silly audit   '@rolldown/pluginutils': [ '1.0.0-beta.27' ],
720 silly audit   '@types/babel__core': [ '7.20.5' ],
720 silly audit   'react-refresh': [ '0.17.0' ],
720 silly audit   '@babel/generator': [ '7.29.1' ],
720 silly audit   '@babel/helper-compilation-targets': [ '7.28.6' ],
720 silly audit   '@babel/helper-module-transforms': [ '7.28.6' ],
720 silly audit   '@babel/helpers': [ '7.29.2' ],
720 silly audit   '@babel/parser': [ '7.29.2' ],
720 silly audit   '@babel/template': [ '7.28.6' ],
720 silly audit   '@babel/traverse': [ '7.29.0' ],
720 silly audit   '@babel/types': [ '7.29.0' ],
720 silly audit   '@jridgewell/remapping': [ '2.3.5' ],
720 silly audit   'convert-source-map': [ '2.0.0' ],
720 silly audit   debug: [ '4.4.3' ],
720 silly audit   gensync: [ '1.0.0-beta.2' ],
720 silly audit   json5: [ '2.2.3' ],
720 silly audit   semver: [ '6.3.1' ],
720 silly audit   '@jridgewell/gen-mapping': [ '0.3.13' ],
720 silly audit   '@jridgewell/trace-mapping': [ '0.3.31' ],
720 silly audit   jsesc: [ '3.1.0' ],
720 silly audit   '@babel/compat-data': [ '7.29.0' ],
720 silly audit   '@babel/helper-validator-option': [ '7.27.1' ],
720 silly audit   browserslist: [ '4.28.1' ],
720 silly audit   'lru-cache': [ '5.1.1', '10.4.3' ],
720 silly audit   '@babel/helper-module-imports': [ '7.28.6' ],
720 silly audit   '@babel/helper-plugin-utils': [ '7.28.6' ],
720 silly audit   '@babel/helper-globals': [ '7.28.0' ],
720 silly audit   '@babel/helper-string-parser': [ '7.27.1' ],
720 silly audit   '@jridgewell/sourcemap-codec': [ '1.5.5' ],
720 silly audit   '@jridgewell/resolve-uri': [ '3.1.2' ],
720 silly audit   '@types/babel__generator': [ '7.27.0' ],
720 silly audit   '@types/babel__template': [ '7.4.4' ],
720 silly audit   '@types/babel__traverse': [ '7.28.0' ],
720 silly audit   dequal: [ '2.0.3' ],
720 silly audit   'baseline-browser-mapping': [ '2.10.12' ],
720 silly audit   'caniuse-lite': [ '1.0.30001782' ],
720 silly audit   'electron-to-chromium': [ '1.5.328' ],
720 silly audit   'node-releases': [ '2.0.36' ],
720 silly audit   'update-browserslist-db': [ '1.2.3' ],
720 silly audit   ms: [ '2.1.3' ],
720 silly audit   tslib: [ '2.3.0' ],
720 silly audit   zrender: [ '6.0.0' ],
720 silly audit   cssstyle: [ '4.6.0' ],
720 silly audit   'data-urls': [ '5.0.0' ],
720 silly audit   'decimal.js': [ '10.6.0' ],
720 silly audit   'html-encoding-sniffer': [ '4.0.0' ],
720 silly audit   'http-proxy-agent': [ '7.0.2' ],
720 silly audit   'https-proxy-agent': [ '7.0.6' ],
720 silly audit   'is-potential-custom-element-name': [ '1.0.1' ],
720 silly audit   nwsapi: [ '2.2.23' ],
720 silly audit   parse5: [ '7.3.0' ],
720 silly audit   'rrweb-cssom': [ '0.8.0' ],
720 silly audit   saxes: [ '6.0.0' ],
720 silly audit   'symbol-tree': [ '3.2.4' ],
720 silly audit   'tough-cookie': [ '5.1.2' ],
720 silly audit   'w3c-xmlserializer': [ '5.0.0' ],
720 silly audit   'webidl-conversions': [ '7.0.0' ],
720 silly audit   'whatwg-encoding': [ '3.1.1' ],
720 silly audit   'whatwg-mimetype': [ '4.0.0' ],
720 silly audit   'whatwg-url': [ '14.2.0' ],
720 silly audit   ws: [ '8.20.0' ],
720 silly audit   'xml-name-validator': [ '5.0.0' ],
720 silly audit   '@asamuzakjp/css-color': [ '3.2.0' ],
720 silly audit   '@csstools/css-calc': [ '2.1.4' ],
720 silly audit   '@csstools/css-tokenizer': [ '3.0.4' ],
720 silly audit   '@csstools/css-parser-algorithms': [ '3.0.5' ],
720 silly audit   '@csstools/css-color-parser': [ '3.1.0' ],
720 silly audit   '@csstools/color-helpers': [ '5.1.0' ],
720 silly audit   'agent-base': [ '7.1.4' ],
720 silly audit   yallist: [ '3.1.1' ],
720 silly audit   entities: [ '6.0.1' ],
720 silly audit   'ansi-regex': [ '5.0.1' ],
720 silly audit   'ansi-styles': [ '5.2.0' ],
720 silly audit   'react-is': [ '17.0.2' ],
720 silly audit   scheduler: [ '0.27.0' ],
720 silly audit   'indent-string': [ '4.0.0' ],
720 silly audit   'strip-indent': [ '3.0.0' ],
720 silly audit   xmlchars: [ '2.2.0' ],
720 silly audit   'min-indent': [ '1.0.1' ],
720 silly audit   tldts: [ '6.1.86' ],
720 silly audit   'tldts-core': [ '6.1.86' ],
720 silly audit   escalade: [ '3.2.0' ],
720 silly audit   esbuild: [ '0.21.5' ],
720 silly audit   fsevents: [ '2.3.3' ],
720 silly audit   postcss: [ '8.5.8' ],
720 silly audit   rollup: [ '4.60.1' ],
720 silly audit   '@esbuild/aix-ppc64': [ '0.21.5' ],
720 silly audit   '@esbuild/android-arm': [ '0.21.5' ],
720 silly audit   '@esbuild/android-arm64': [ '0.21.5' ],
720 silly audit   '@esbuild/android-x64': [ '0.21.5' ],
720 silly audit   '@esbuild/darwin-arm64': [ '0.21.5' ],
720 silly audit   '@esbuild/darwin-x64': [ '0.21.5' ],
720 silly audit   '@esbuild/freebsd-arm64': [ '0.21.5' ],
720 silly audit   '@esbuild/freebsd-x64': [ '0.21.5' ],
720 silly audit   '@esbuild/linux-arm': [ '0.21.5' ],
720 silly audit   '@esbuild/linux-arm64': [ '0.21.5' ],
720 silly audit   '@esbuild/linux-ia32': [ '0.21.5' ],
720 silly audit   '@esbuild/linux-loong64': [ '0.21.5' ],
720 silly audit   '@esbuild/linux-mips64el': [ '0.21.5' ],
720 silly audit   '@esbuild/linux-ppc64': [ '0.21.5' ],
720 silly audit   '@esbuild/linux-riscv64': [ '0.21.5' ],
720 silly audit   '@esbuild/linux-s390x': [ '0.21.5' ],
720 silly audit   '@esbuild/linux-x64': [ '0.21.5' ],
720 silly audit   '@esbuild/netbsd-x64': [ '0.21.5' ],
720 silly audit   '@esbuild/openbsd-x64': [ '0.21.5' ],
720 silly audit   '@esbuild/sunos-x64': [ '0.21.5' ],
720 silly audit   '@esbuild/win32-arm64': [ '0.21.5' ],
720 silly audit   '@esbuild/win32-ia32': [ '0.21.5' ],
720 silly audit   '@esbuild/win32-x64': [ '0.21.5' ],
720 silly audit   nanoid: [ '3.3.11' ],
720 silly audit   'source-map-js': [ '1.2.1' ],
720 silly audit   '@rollup/rollup-android-arm-eabi': [ '4.60.1' ],
720 silly audit   '@rollup/rollup-android-arm64': [ '4.60.1' ],
720 silly audit   '@rollup/rollup-darwin-arm64': [ '4.60.1' ],
720 silly audit   '@rollup/rollup-darwin-x64': [ '4.60.1' ],
720 silly audit   '@rollup/rollup-freebsd-arm64': [ '4.60.1' ],
720 silly audit   '@rollup/rollup-freebsd-x64': [ '4.60.1' ],
720 silly audit   '@rollup/rollup-linux-arm-gnueabihf': [ '4.60.1' ],
720 silly audit   '@rollup/rollup-linux-arm-musleabihf': [ '4.60.1' ],
720 silly audit   '@rollup/rollup-linux-arm64-gnu': [ '4.60.1' ],
720 silly audit   '@rollup/rollup-linux-arm64-musl': [ '4.60.1' ],
720 silly audit   '@rollup/rollup-linux-loong64-gnu': [ '4.60.1' ],
720 silly audit   '@rollup/rollup-linux-loong64-musl': [ '4.60.1' ],
720 silly audit   '@rollup/rollup-linux-ppc64-gnu': [ '4.60.1' ],
720 silly audit   '@rollup/rollup-linux-ppc64-musl': [ '4.60.1' ],
720 silly audit   '@rollup/rollup-linux-riscv64-gnu': [ '4.60.1' ],
720 silly audit   '@rollup/rollup-linux-riscv64-musl': [ '4.60.1' ],
720 silly audit   '@rollup/rollup-linux-s390x-gnu': [ '4.60.1' ],
720 silly audit   '@rollup/rollup-linux-x64-gnu': [ '4.60.1' ],
720 silly audit   '@rollup/rollup-linux-x64-musl': [ '4.60.1' ],
720 silly audit   '@rollup/rollup-openbsd-x64': [ '4.60.1' ],
720 silly audit   '@rollup/rollup-openharmony-arm64': [ '4.60.1' ],
720 silly audit   '@rollup/rollup-win32-arm64-msvc': [ '4.60.1' ],
720 silly audit   '@rollup/rollup-win32-ia32-msvc': [ '4.60.1' ],
720 silly audit   '@rollup/rollup-win32-x64-gnu': [ '4.60.1' ],
720 silly audit   '@rollup/rollup-win32-x64-msvc': [ '4.60.1' ],
720 silly audit   '@types/estree': [ '1.0.8' ],
720 silly audit   '@types/chai': [ '5.2.3' ],
720 silly audit   '@vitest/expect': [ '3.2.4' ],
720 silly audit   '@vitest/mocker': [ '3.2.4' ],
720 silly audit   '@vitest/pretty-format': [ '3.2.4' ],
720 silly audit   '@vitest/runner': [ '3.2.4' ],
720 silly audit   '@vitest/snapshot': [ '3.2.4' ],
720 silly audit   '@vitest/spy': [ '3.2.4' ],
720 silly audit   '@vitest/utils': [ '3.2.4' ],
720 silly audit   chai: [ '5.3.3' ],
720 silly audit   'expect-type': [ '1.3.0' ],
720 silly audit   'magic-string': [ '0.30.21' ],
720 silly audit   pathe: [ '2.0.3' ],
720 silly audit   picomatch: [ '4.0.4' ],
720 silly audit   'std-env': [ '3.10.0' ],
720 silly audit   tinybench: [ '2.9.0' ],
720 silly audit   tinyexec: [ '0.3.2' ],
720 silly audit   tinyglobby: [ '0.2.15' ],
720 silly audit   tinypool: [ '1.1.1' ],
720 silly audit   tinyrainbow: [ '2.0.0' ],
720 silly audit   'vite-node': [ '3.2.4' ],
720 silly audit   'why-is-node-running': [ '2.3.0' ],
720 silly audit   '@types/deep-eql': [ '4.0.2' ],
720 silly audit   'assertion-error': [ '2.0.1' ],
720 silly audit   'estree-walker': [ '3.0.3' ],
720 silly audit   'strip-literal': [ '3.1.0' ],
720 silly audit   tinyspy: [ '4.0.4' ],
720 silly audit   loupe: [ '3.2.1' ],
720 silly audit   'check-error': [ '2.1.3' ],
720 silly audit   'deep-eql': [ '5.0.2' ],
720 silly audit   pathval: [ '2.0.1' ],
720 silly audit   fdir: [ '6.5.0' ],
720 silly audit   cac: [ '6.7.14' ],
720 silly audit   'es-module-lexer': [ '1.7.0' ],
720 silly audit   'iconv-lite': [ '0.6.3' ],
720 silly audit   'safer-buffer': [ '2.1.2' ],
720 silly audit   tr46: [ '5.1.1' ],
720 silly audit   punycode: [ '2.3.1' ],
720 silly audit   siginfo: [ '2.0.0' ],
720 silly audit   stackback: [ '0.0.2' ]
720 silly audit }
721 verbose reify failed optional dependency C:\Fin\Grit_Strategy_Lab2\baseline_restore_staging\web\node_modules\@rollup\rollup-win32-ia32-msvc
722 silly reify mark deleted [
722 silly reify   'C:\\Fin\\Grit_Strategy_Lab2\\baseline_restore_staging\\web\\node_modules\\@rollup\\rollup-win32-ia32-msvc'
722 silly reify ]
723 verbose reify failed optional dependency C:\Fin\Grit_Strategy_Lab2\baseline_restore_staging\web\node_modules\@rollup\rollup-win32-arm64-msvc
724 silly reify mark deleted [
724 silly reify   'C:\\Fin\\Grit_Strategy_Lab2\\baseline_restore_staging\\web\\node_modules\\@rollup\\rollup-win32-arm64-msvc'
724 silly reify ]
725 verbose reify failed optional dependency C:\Fin\Grit_Strategy_Lab2\baseline_restore_staging\web\node_modules\@rollup\rollup-openharmony-arm64
726 silly reify mark deleted [
726 silly reify   'C:\\Fin\\Grit_Strategy_Lab2\\baseline_restore_staging\\web\\node_modules\\@rollup\\rollup-openharmony-arm64'
726 silly reify ]
727 verbose reify failed optional dependency C:\Fin\Grit_Strategy_Lab2\baseline_restore_staging\web\node_modules\@rollup\rollup-openbsd-x64
728 silly reify mark deleted [
728 silly reify   'C:\\Fin\\Grit_Strategy_Lab2\\baseline_restore_staging\\web\\node_modules\\@rollup\\rollup-openbsd-x64'
728 silly reify ]
729 verbose reify failed optional dependency C:\Fin\Grit_Strategy_Lab2\baseline_restore_staging\web\node_modules\@rollup\rollup-linux-x64-musl
730 silly reify mark deleted [
730 silly reify   'C:\\Fin\\Grit_Strategy_Lab2\\baseline_restore_staging\\web\\node_modules\\@rollup\\rollup-linux-x64-musl'
730 silly reify ]
731 verbose reify failed optional dependency C:\Fin\Grit_Strategy_Lab2\baseline_restore_staging\web\node_modules\@rollup\rollup-linux-x64-gnu
732 silly reify mark deleted [
732 silly reify   'C:\\Fin\\Grit_Strategy_Lab2\\baseline_restore_staging\\web\\node_modules\\@rollup\\rollup-linux-x64-gnu'
732 silly reify ]
733 verbose reify failed optional dependency C:\Fin\Grit_Strategy_Lab2\baseline_restore_staging\web\node_modules\@rollup\rollup-linux-s390x-gnu
734 silly reify mark deleted [
734 silly reify   'C:\\Fin\\Grit_Strategy_Lab2\\baseline_restore_staging\\web\\node_modules\\@rollup\\rollup-linux-s390x-gnu'
734 silly reify ]
735 verbose reify failed optional dependency C:\Fin\Grit_Strategy_Lab2\baseline_restore_staging\web\node_modules\@rollup\rollup-linux-riscv64-musl
736 silly reify mark deleted [
736 silly reify   'C:\\Fin\\Grit_Strategy_Lab2\\baseline_restore_staging\\web\\node_modules\\@rollup\\rollup-linux-riscv64-musl'
736 silly reify ]
737 verbose reify failed optional dependency C:\Fin\Grit_Strategy_Lab2\baseline_restore_staging\web\node_modules\@rollup\rollup-linux-riscv64-gnu
738 silly reify mark deleted [
738 silly reify   'C:\\Fin\\Grit_Strategy_Lab2\\baseline_restore_staging\\web\\node_modules\\@rollup\\rollup-linux-riscv64-gnu'
738 silly reify ]
739 verbose reify failed optional dependency C:\Fin\Grit_Strategy_Lab2\baseline_restore_staging\web\node_modules\@rollup\rollup-linux-ppc64-musl
740 silly reify mark deleted [
740 silly reify   'C:\\Fin\\Grit_Strategy_Lab2\\baseline_restore_staging\\web\\node_modules\\@rollup\\rollup-linux-ppc64-musl'
740 silly reify ]
741 verbose reify failed optional dependency C:\Fin\Grit_Strategy_Lab2\baseline_restore_staging\web\node_modules\@rollup\rollup-linux-ppc64-gnu
742 silly reify mark deleted [
742 silly reify   'C:\\Fin\\Grit_Strategy_Lab2\\baseline_restore_staging\\web\\node_modules\\@rollup\\rollup-linux-ppc64-gnu'
742 silly reify ]
743 verbose reify failed optional dependency C:\Fin\Grit_Strategy_Lab2\baseline_restore_staging\web\node_modules\@rollup\rollup-linux-loong64-musl
744 silly reify mark deleted [
744 silly reify   'C:\\Fin\\Grit_Strategy_Lab2\\baseline_restore_staging\\web\\node_modules\\@rollup\\rollup-linux-loong64-musl'
744 silly reify ]
745 verbose reify failed optional dependency C:\Fin\Grit_Strategy_Lab2\baseline_restore_staging\web\node_modules\@rollup\rollup-linux-loong64-gnu
746 silly reify mark deleted [
746 silly reify   'C:\\Fin\\Grit_Strategy_Lab2\\baseline_restore_staging\\web\\node_modules\\@rollup\\rollup-linux-loong64-gnu'
746 silly reify ]
747 verbose reify failed optional dependency C:\Fin\Grit_Strategy_Lab2\baseline_restore_staging\web\node_modules\@rollup\rollup-linux-arm64-musl
748 silly reify mark deleted [
748 silly reify   'C:\\Fin\\Grit_Strategy_Lab2\\baseline_restore_staging\\web\\node_modules\\@rollup\\rollup-linux-arm64-musl'
748 silly reify ]
749 verbose reify failed optional dependency C:\Fin\Grit_Strategy_Lab2\baseline_restore_staging\web\node_modules\@rollup\rollup-linux-arm64-gnu
750 silly reify mark deleted [
750 silly reify   'C:\\Fin\\Grit_Strategy_Lab2\\baseline_restore_staging\\web\\node_modules\\@rollup\\rollup-linux-arm64-gnu'
750 silly reify ]
751 verbose reify failed optional dependency C:\Fin\Grit_Strategy_Lab2\baseline_restore_staging\web\node_modules\@rollup\rollup-linux-arm-musleabihf
752 silly reify mark deleted [
752 silly reify   'C:\\Fin\\Grit_Strategy_Lab2\\baseline_restore_staging\\web\\node_modules\\@rollup\\rollup-linux-arm-musleabihf'
752 silly reify ]
753 verbose reify failed optional dependency C:\Fin\Grit_Strategy_Lab2\baseline_restore_staging\web\node_modules\@rollup\rollup-linux-arm-gnueabihf
754 silly reify mark deleted [
754 silly reify   'C:\\Fin\\Grit_Strategy_Lab2\\baseline_restore_staging\\web\\node_modules\\@rollup\\rollup-linux-arm-gnueabihf'
754 silly reify ]
755 verbose reify failed optional dependency C:\Fin\Grit_Strategy_Lab2\baseline_restore_staging\web\node_modules\@rollup\rollup-freebsd-x64
756 silly reify mark deleted [
756 silly reify   'C:\\Fin\\Grit_Strategy_Lab2\\baseline_restore_staging\\web\\node_modules\\@rollup\\rollup-freebsd-x64'
756 silly reify ]
757 verbose reify failed optional dependency C:\Fin\Grit_Strategy_Lab2\baseline_restore_staging\web\node_modules\@rollup\rollup-freebsd-arm64
758 silly reify mark deleted [
758 silly reify   'C:\\Fin\\Grit_Strategy_Lab2\\baseline_restore_staging\\web\\node_modules\\@rollup\\rollup-freebsd-arm64'
758 silly reify ]
759 verbose reify failed optional dependency C:\Fin\Grit_Strategy_Lab2\baseline_restore_staging\web\node_modules\@rollup\rollup-darwin-x64
760 silly reify mark deleted [
760 silly reify   'C:\\Fin\\Grit_Strategy_Lab2\\baseline_restore_staging\\web\\node_modules\\@rollup\\rollup-darwin-x64'
760 silly reify ]
761 verbose reify failed optional dependency C:\Fin\Grit_Strategy_Lab2\baseline_restore_staging\web\node_modules\@rollup\rollup-darwin-arm64
762 silly reify mark deleted [
762 silly reify   'C:\\Fin\\Grit_Strategy_Lab2\\baseline_restore_staging\\web\\node_modules\\@rollup\\rollup-darwin-arm64'
762 silly reify ]
763 verbose reify failed optional dependency C:\Fin\Grit_Strategy_Lab2\baseline_restore_staging\web\node_modules\@rollup\rollup-android-arm64
764 silly reify mark deleted [
764 silly reify   'C:\\Fin\\Grit_Strategy_Lab2\\baseline_restore_staging\\web\\node_modules\\@rollup\\rollup-android-arm64'
764 silly reify ]
765 verbose reify failed optional dependency C:\Fin\Grit_Strategy_Lab2\baseline_restore_staging\web\node_modules\@rollup\rollup-android-arm-eabi
766 silly reify mark deleted [
766 silly reify   'C:\\Fin\\Grit_Strategy_Lab2\\baseline_restore_staging\\web\\node_modules\\@rollup\\rollup-android-arm-eabi'
766 silly reify ]
767 verbose reify failed optional dependency C:\Fin\Grit_Strategy_Lab2\baseline_restore_staging\web\node_modules\@esbuild\win32-ia32
768 silly reify mark deleted [
768 silly reify   'C:\\Fin\\Grit_Strategy_Lab2\\baseline_restore_staging\\web\\node_modules\\@esbuild\\win32-ia32'
768 silly reify ]
769 verbose reify failed optional dependency C:\Fin\Grit_Strategy_Lab2\baseline_restore_staging\web\node_modules\@esbuild\win32-arm64
770 silly reify mark deleted [
770 silly reify   'C:\\Fin\\Grit_Strategy_Lab2\\baseline_restore_staging\\web\\node_modules\\@esbuild\\win32-arm64'
770 silly reify ]
771 verbose reify failed optional dependency C:\Fin\Grit_Strategy_Lab2\baseline_restore_staging\web\node_modules\@esbuild\sunos-x64
772 silly reify mark deleted [
772 silly reify   'C:\\Fin\\Grit_Strategy_Lab2\\baseline_restore_staging\\web\\node_modules\\@esbuild\\sunos-x64'
772 silly reify ]
773 verbose reify failed optional dependency C:\Fin\Grit_Strategy_Lab2\baseline_restore_staging\web\node_modules\@esbuild\openbsd-x64
774 silly reify mark deleted [
774 silly reify   'C:\\Fin\\Grit_Strategy_Lab2\\baseline_restore_staging\\web\\node_modules\\@esbuild\\openbsd-x64'
774 silly reify ]
775 verbose reify failed optional dependency C:\Fin\Grit_Strategy_Lab2\baseline_restore_staging\web\node_modules\@esbuild\netbsd-x64
776 silly reify mark deleted [
776 silly reify   'C:\\Fin\\Grit_Strategy_Lab2\\baseline_restore_staging\\web\\node_modules\\@esbuild\\netbsd-x64'
776 silly reify ]
777 verbose reify failed optional dependency C:\Fin\Grit_Strategy_Lab2\baseline_restore_staging\web\node_modules\@esbuild\linux-x64
778 silly reify mark deleted [
778 silly reify   'C:\\Fin\\Grit_Strategy_Lab2\\baseline_restore_staging\\web\\node_modules\\@esbuild\\linux-x64'
778 silly reify ]
779 verbose reify failed optional dependency C:\Fin\Grit_Strategy_Lab2\baseline_restore_staging\web\node_modules\@esbuild\linux-s390x
780 silly reify mark deleted [
780 silly reify   'C:\\Fin\\Grit_Strategy_Lab2\\baseline_restore_staging\\web\\node_modules\\@esbuild\\linux-s390x'
780 silly reify ]
781 verbose reify failed optional dependency C:\Fin\Grit_Strategy_Lab2\baseline_restore_staging\web\node_modules\@esbuild\linux-riscv64
782 silly reify mark deleted [
782 silly reify   'C:\\Fin\\Grit_Strategy_Lab2\\baseline_restore_staging\\web\\node_modules\\@esbuild\\linux-riscv64'
782 silly reify ]
783 verbose reify failed optional dependency C:\Fin\Grit_Strategy_Lab2\baseline_restore_staging\web\node_modules\@esbuild\linux-ppc64
784 silly reify mark deleted [
784 silly reify   'C:\\Fin\\Grit_Strategy_Lab2\\baseline_restore_staging\\web\\node_modules\\@esbuild\\linux-ppc64'
784 silly reify ]
785 verbose reify failed optional dependency C:\Fin\Grit_Strategy_Lab2\baseline_restore_staging\web\node_modules\@esbuild\linux-mips64el
786 silly reify mark deleted [
786 silly reify   'C:\\Fin\\Grit_Strategy_Lab2\\baseline_restore_staging\\web\\node_modules\\@esbuild\\linux-mips64el'
786 silly reify ]
787 verbose reify failed optional dependency C:\Fin\Grit_Strategy_Lab2\baseline_restore_staging\web\node_modules\@esbuild\linux-loong64
788 silly reify mark deleted [
788 silly reify   'C:\\Fin\\Grit_Strategy_Lab2\\baseline_restore_staging\\web\\node_modules\\@esbuild\\linux-loong64'
788 silly reify ]
789 verbose reify failed optional dependency C:\Fin\Grit_Strategy_Lab2\baseline_restore_staging\web\node_modules\@esbuild\linux-ia32
790 silly reify mark deleted [
790 silly reify   'C:\\Fin\\Grit_Strategy_Lab2\\baseline_restore_staging\\web\\node_modules\\@esbuild\\linux-ia32'
790 silly reify ]
791 verbose reify failed optional dependency C:\Fin\Grit_Strategy_Lab2\baseline_restore_staging\web\node_modules\@esbuild\linux-arm64
792 silly reify mark deleted [
792 silly reify   'C:\\Fin\\Grit_Strategy_Lab2\\baseline_restore_staging\\web\\node_modules\\@esbuild\\linux-arm64'
792 silly reify ]
793 verbose reify failed optional dependency C:\Fin\Grit_Strategy_Lab2\baseline_restore_staging\web\node_modules\@esbuild\linux-arm
794 silly reify mark deleted [
794 silly reify   'C:\\Fin\\Grit_Strategy_Lab2\\baseline_restore_staging\\web\\node_modules\\@esbuild\\linux-arm'
794 silly reify ]
795 verbose reify failed optional dependency C:\Fin\Grit_Strategy_Lab2\baseline_restore_staging\web\node_modules\@esbuild\freebsd-x64
796 silly reify mark deleted [
796 silly reify   'C:\\Fin\\Grit_Strategy_Lab2\\baseline_restore_staging\\web\\node_modules\\@esbuild\\freebsd-x64'
796 silly reify ]
797 verbose reify failed optional dependency C:\Fin\Grit_Strategy_Lab2\baseline_restore_staging\web\node_modules\@esbuild\freebsd-arm64
798 silly reify mark deleted [
798 silly reify   'C:\\Fin\\Grit_Strategy_Lab2\\baseline_restore_staging\\web\\node_modules\\@esbuild\\freebsd-arm64'
798 silly reify ]
799 verbose reify failed optional dependency C:\Fin\Grit_Strategy_Lab2\baseline_restore_staging\web\node_modules\@esbuild\darwin-x64
800 silly reify mark deleted [
800 silly reify   'C:\\Fin\\Grit_Strategy_Lab2\\baseline_restore_staging\\web\\node_modules\\@esbuild\\darwin-x64'
800 silly reify ]
801 verbose reify failed optional dependency C:\Fin\Grit_Strategy_Lab2\baseline_restore_staging\web\node_modules\@esbuild\darwin-arm64
802 silly reify mark deleted [
802 silly reify   'C:\\Fin\\Grit_Strategy_Lab2\\baseline_restore_staging\\web\\node_modules\\@esbuild\\darwin-arm64'
802 silly reify ]
803 verbose reify failed optional dependency C:\Fin\Grit_Strategy_Lab2\baseline_restore_staging\web\node_modules\@esbuild\android-x64
804 silly reify mark deleted [
804 silly reify   'C:\\Fin\\Grit_Strategy_Lab2\\baseline_restore_staging\\web\\node_modules\\@esbuild\\android-x64'
804 silly reify ]
805 verbose reify failed optional dependency C:\Fin\Grit_Strategy_Lab2\baseline_restore_staging\web\node_modules\@esbuild\android-arm64
806 silly reify mark deleted [
806 silly reify   'C:\\Fin\\Grit_Strategy_Lab2\\baseline_restore_staging\\web\\node_modules\\@esbuild\\android-arm64'
806 silly reify ]
807 verbose reify failed optional dependency C:\Fin\Grit_Strategy_Lab2\baseline_restore_staging\web\node_modules\@esbuild\android-arm
808 silly reify mark deleted [
808 silly reify   'C:\\Fin\\Grit_Strategy_Lab2\\baseline_restore_staging\\web\\node_modules\\@esbuild\\android-arm'
808 silly reify ]
809 verbose reify failed optional dependency C:\Fin\Grit_Strategy_Lab2\baseline_restore_staging\web\node_modules\@esbuild\aix-ppc64
810 silly reify mark deleted [
810 silly reify   'C:\\Fin\\Grit_Strategy_Lab2\\baseline_restore_staging\\web\\node_modules\\@esbuild\\aix-ppc64'
810 silly reify ]
811 verbose reify failed optional dependency C:\Fin\Grit_Strategy_Lab2\baseline_restore_staging\web\node_modules\fsevents
812 silly reify mark deleted [
812 silly reify   'C:\\Fin\\Grit_Strategy_Lab2\\baseline_restore_staging\\web\\node_modules\\fsevents'
812 silly reify ]
813 silly tarball no local data for stackback@https://registry.npmjs.org/stackback/-/stackback-0.0.2.tgz. Extracting by manifest.
814 silly tarball no local data for safer-buffer@https://registry.npmjs.org/safer-buffer/-/safer-buffer-2.1.2.tgz. Extracting by manifest.
815 silly tarball no local data for tr46@https://registry.npmjs.org/tr46/-/tr46-5.1.1.tgz. Extracting by manifest.
816 silly tarball no local data for punycode@https://registry.npmjs.org/punycode/-/punycode-2.3.1.tgz. Extracting by manifest.
817 silly tarball no local data for siginfo@https://registry.npmjs.org/siginfo/-/siginfo-2.0.0.tgz. Extracting by manifest.
818 silly tarball no local data for iconv-lite@https://registry.npmjs.org/iconv-lite/-/iconv-lite-0.6.3.tgz. Extracting by manifest.
819 silly tarball no local data for es-module-lexer@https://registry.npmjs.org/es-module-lexer/-/es-module-lexer-1.7.0.tgz. Extracting by manifest.
820 silly tarball no local data for cac@https://registry.npmjs.org/cac/-/cac-6.7.14.tgz. Extracting by manifest.
821 silly tarball no local data for deep-eql@https://registry.npmjs.org/deep-eql/-/deep-eql-5.0.2.tgz. Extracting by manifest.
822 silly tarball no local data for fdir@https://registry.npmjs.org/fdir/-/fdir-6.5.0.tgz. Extracting by manifest.
823 silly tarball no local data for check-error@https://registry.npmjs.org/check-error/-/check-error-2.1.3.tgz. Extracting by manifest.
824 silly tarball no local data for pathval@https://registry.npmjs.org/pathval/-/pathval-2.0.1.tgz. Extracting by manifest.
825 silly tarball no local data for loupe@https://registry.npmjs.org/loupe/-/loupe-3.2.1.tgz. Extracting by manifest.
826 silly tarball no local data for tinyspy@https://registry.npmjs.org/tinyspy/-/tinyspy-4.0.4.tgz. Extracting by manifest.
827 silly tarball no local data for assertion-error@https://registry.npmjs.org/assertion-error/-/assertion-error-2.0.1.tgz. Extracting by manifest.
828 silly tarball no local data for @types/deep-eql@https://registry.npmjs.org/@types/deep-eql/-/deep-eql-4.0.2.tgz. Extracting by manifest.
829 silly tarball no local data for strip-literal@https://registry.npmjs.org/strip-literal/-/strip-literal-3.1.0.tgz. Extracting by manifest.
830 silly tarball no local data for estree-walker@https://registry.npmjs.org/estree-walker/-/estree-walker-3.0.3.tgz. Extracting by manifest.
831 silly tarball no local data for why-is-node-running@https://registry.npmjs.org/why-is-node-running/-/why-is-node-running-2.3.0.tgz. Extracting by manifest.
832 silly tarball no local data for vite-node@https://registry.npmjs.org/vite-node/-/vite-node-3.2.4.tgz. Extracting by manifest.
833 silly tarball no local data for tinypool@https://registry.npmjs.org/tinypool/-/tinypool-1.1.1.tgz. Extracting by manifest.
834 silly tarball no local data for tinyrainbow@https://registry.npmjs.org/tinyrainbow/-/tinyrainbow-2.0.0.tgz. Extracting by manifest.
835 silly tarball no local data for tinyexec@https://registry.npmjs.org/tinyexec/-/tinyexec-0.3.2.tgz. Extracting by manifest.
836 silly tarball no local data for tinybench@https://registry.npmjs.org/tinybench/-/tinybench-2.9.0.tgz. Extracting by manifest.
837 silly tarball no local data for tinyglobby@https://registry.npmjs.org/tinyglobby/-/tinyglobby-0.2.15.tgz. Extracting by manifest.
838 silly tarball no local data for std-env@https://registry.npmjs.org/std-env/-/std-env-3.10.0.tgz. Extracting by manifest.
839 silly tarball no local data for pathe@https://registry.npmjs.org/pathe/-/pathe-2.0.3.tgz. Extracting by manifest.
840 silly tarball no local data for picomatch@https://registry.npmjs.org/picomatch/-/picomatch-4.0.4.tgz. Extracting by manifest.
841 silly tarball no local data for magic-string@https://registry.npmjs.org/magic-string/-/magic-string-0.30.21.tgz. Extracting by manifest.
842 silly tarball no local data for chai@https://registry.npmjs.org/chai/-/chai-5.3.3.tgz. Extracting by manifest.
843 silly tarball no local data for expect-type@https://registry.npmjs.org/expect-type/-/expect-type-1.3.0.tgz. Extracting by manifest.
844 silly tarball no local data for @vitest/spy@https://registry.npmjs.org/@vitest/spy/-/spy-3.2.4.tgz. Extracting by manifest.
845 silly tarball no local data for @vitest/utils@https://registry.npmjs.org/@vitest/utils/-/utils-3.2.4.tgz. Extracting by manifest.
846 silly tarball no local data for @vitest/snapshot@https://registry.npmjs.org/@vitest/snapshot/-/snapshot-3.2.4.tgz. Extracting by manifest.
847 silly tarball no local data for @vitest/runner@https://registry.npmjs.org/@vitest/runner/-/runner-3.2.4.tgz. Extracting by manifest.
848 silly tarball no local data for @vitest/pretty-format@https://registry.npmjs.org/@vitest/pretty-format/-/pretty-format-3.2.4.tgz. Extracting by manifest.
849 silly tarball no local data for @types/chai@https://registry.npmjs.org/@types/chai/-/chai-5.2.3.tgz. Extracting by manifest.
850 silly tarball no local data for @vitest/mocker@https://registry.npmjs.org/@vitest/mocker/-/mocker-3.2.4.tgz. Extracting by manifest.
851 silly tarball no local data for @vitest/expect@https://registry.npmjs.org/@vitest/expect/-/expect-3.2.4.tgz. Extracting by manifest.
852 silly tarball no local data for @types/estree@https://registry.npmjs.org/@types/estree/-/estree-1.0.8.tgz. Extracting by manifest.
853 silly tarball no local data for source-map-js@https://registry.npmjs.org/source-map-js/-/source-map-js-1.2.1.tgz. Extracting by manifest.
854 silly tarball no local data for @rollup/rollup-win32-x64-msvc@https://registry.npmjs.org/@rollup/rollup-win32-x64-msvc/-/rollup-win32-x64-msvc-4.60.1.tgz. Extracting by manifest.
855 silly tarball no local data for nanoid@https://registry.npmjs.org/nanoid/-/nanoid-3.3.11.tgz. Extracting by manifest.
856 silly tarball no local data for @esbuild/win32-x64@https://registry.npmjs.org/@esbuild/win32-x64/-/win32-x64-0.21.5.tgz. Extracting by manifest.
857 silly tarball no local data for rollup@https://registry.npmjs.org/rollup/-/rollup-4.60.1.tgz. Extracting by manifest.
858 silly tarball no local data for @rollup/rollup-win32-x64-gnu@https://registry.npmjs.org/@rollup/rollup-win32-x64-gnu/-/rollup-win32-x64-gnu-4.60.1.tgz. Extracting by manifest.
859 silly tarball no local data for postcss@https://registry.npmjs.org/postcss/-/postcss-8.5.8.tgz. Extracting by manifest.
860 silly tarball no local data for escalade@https://registry.npmjs.org/escalade/-/escalade-3.2.0.tgz. Extracting by manifest.
861 silly tarball no local data for esbuild@https://registry.npmjs.org/esbuild/-/esbuild-0.21.5.tgz. Extracting by manifest.
862 silly tarball no local data for min-indent@https://registry.npmjs.org/min-indent/-/min-indent-1.0.1.tgz. Extracting by manifest.
863 silly tarball no local data for xmlchars@https://registry.npmjs.org/xmlchars/-/xmlchars-2.2.0.tgz. Extracting by manifest.
864 silly tarball no local data for tldts@https://registry.npmjs.org/tldts/-/tldts-6.1.86.tgz. Extracting by manifest.
865 silly tarball no local data for indent-string@https://registry.npmjs.org/indent-string/-/indent-string-4.0.0.tgz. Extracting by manifest.
866 silly tarball no local data for scheduler@https://registry.npmjs.org/scheduler/-/scheduler-0.27.0.tgz. Extracting by manifest.
867 silly tarball no local data for tldts-core@https://registry.npmjs.org/tldts-core/-/tldts-core-6.1.86.tgz. Extracting by manifest.
868 silly tarball no local data for strip-indent@https://registry.npmjs.org/strip-indent/-/strip-indent-3.0.0.tgz. Extracting by manifest.
869 silly tarball no local data for react-is@https://registry.npmjs.org/react-is/-/react-is-17.0.2.tgz. Extracting by manifest.
870 silly tarball no local data for entities@https://registry.npmjs.org/entities/-/entities-6.0.1.tgz. Extracting by manifest.
871 silly tarball no local data for ansi-styles@https://registry.npmjs.org/ansi-styles/-/ansi-styles-5.2.0.tgz. Extracting by manifest.
872 silly tarball no local data for yallist@https://registry.npmjs.org/yallist/-/yallist-3.1.1.tgz. Extracting by manifest.
873 silly tarball no local data for ansi-regex@https://registry.npmjs.org/ansi-regex/-/ansi-regex-5.0.1.tgz. Extracting by manifest.
874 silly tarball no local data for agent-base@https://registry.npmjs.org/agent-base/-/agent-base-7.1.4.tgz. Extracting by manifest.
875 silly tarball no local data for @csstools/css-color-parser@https://registry.npmjs.org/@csstools/css-color-parser/-/css-color-parser-3.1.0.tgz. Extracting by manifest.
876 silly tarball no local data for @csstools/color-helpers@https://registry.npmjs.org/@csstools/color-helpers/-/color-helpers-5.1.0.tgz. Extracting by manifest.
877 silly tarball no local data for @csstools/css-tokenizer@https://registry.npmjs.org/@csstools/css-tokenizer/-/css-tokenizer-3.0.4.tgz. Extracting by manifest.
878 silly tarball no local data for xml-name-validator@https://registry.npmjs.org/xml-name-validator/-/xml-name-validator-5.0.0.tgz. Extracting by manifest.
879 silly tarball no local data for @csstools/css-parser-algorithms@https://registry.npmjs.org/@csstools/css-parser-algorithms/-/css-parser-algorithms-3.0.5.tgz. Extracting by manifest.
880 silly tarball no local data for @csstools/css-calc@https://registry.npmjs.org/@csstools/css-calc/-/css-calc-2.1.4.tgz. Extracting by manifest.
881 silly tarball no local data for @asamuzakjp/css-color@https://registry.npmjs.org/@asamuzakjp/css-color/-/css-color-3.2.0.tgz. Extracting by manifest.
882 silly tarball no local data for ws@https://registry.npmjs.org/ws/-/ws-8.20.0.tgz. Extracting by manifest.
883 silly tarball no local data for whatwg-mimetype@https://registry.npmjs.org/whatwg-mimetype/-/whatwg-mimetype-4.0.0.tgz. Extracting by manifest.
884 silly tarball no local data for whatwg-url@https://registry.npmjs.org/whatwg-url/-/whatwg-url-14.2.0.tgz. Extracting by manifest.
885 silly tarball no local data for whatwg-encoding@https://registry.npmjs.org/whatwg-encoding/-/whatwg-encoding-3.1.1.tgz. Extracting by manifest.
886 silly tarball no local data for webidl-conversions@https://registry.npmjs.org/webidl-conversions/-/webidl-conversions-7.0.0.tgz. Extracting by manifest.
887 silly tarball no local data for tough-cookie@https://registry.npmjs.org/tough-cookie/-/tough-cookie-5.1.2.tgz. Extracting by manifest.
888 silly tarball no local data for symbol-tree@https://registry.npmjs.org/symbol-tree/-/symbol-tree-3.2.4.tgz. Extracting by manifest.
889 silly tarball no local data for rrweb-cssom@https://registry.npmjs.org/rrweb-cssom/-/rrweb-cssom-0.8.0.tgz. Extracting by manifest.
890 silly tarball no local data for w3c-xmlserializer@https://registry.npmjs.org/w3c-xmlserializer/-/w3c-xmlserializer-5.0.0.tgz. Extracting by manifest.
891 silly tarball no local data for saxes@https://registry.npmjs.org/saxes/-/saxes-6.0.0.tgz. Extracting by manifest.
892 silly tarball no local data for parse5@https://registry.npmjs.org/parse5/-/parse5-7.3.0.tgz. Extracting by manifest.
893 silly tarball no local data for nwsapi@https://registry.npmjs.org/nwsapi/-/nwsapi-2.2.23.tgz. Extracting by manifest.
894 silly tarball no local data for https-proxy-agent@https://registry.npmjs.org/https-proxy-agent/-/https-proxy-agent-7.0.6.tgz. Extracting by manifest.
895 silly tarball no local data for is-potential-custom-element-name@https://registry.npmjs.org/is-potential-custom-element-name/-/is-potential-custom-element-name-1.0.1.tgz. Extracting by manifest.
896 silly tarball no local data for decimal.js@https://registry.npmjs.org/decimal.js/-/decimal.js-10.6.0.tgz. Extracting by manifest.
897 silly tarball no local data for html-encoding-sniffer@https://registry.npmjs.org/html-encoding-sniffer/-/html-encoding-sniffer-4.0.0.tgz. Extracting by manifest.
898 silly tarball no local data for data-urls@https://registry.npmjs.org/data-urls/-/data-urls-5.0.0.tgz. Extracting by manifest.
899 silly tarball no local data for http-proxy-agent@https://registry.npmjs.org/http-proxy-agent/-/http-proxy-agent-7.0.2.tgz. Extracting by manifest.
900 silly tarball no local data for zrender@https://registry.npmjs.org/zrender/-/zrender-6.0.0.tgz. Extracting by manifest.
901 silly tarball no local data for tslib@https://registry.npmjs.org/tslib/-/tslib-2.3.0.tgz. Extracting by manifest.
902 silly tarball no local data for ms@https://registry.npmjs.org/ms/-/ms-2.1.3.tgz. Extracting by manifest.
903 silly tarball no local data for node-releases@https://registry.npmjs.org/node-releases/-/node-releases-2.0.36.tgz. Extracting by manifest.
904 silly tarball no local data for cssstyle@https://registry.npmjs.org/cssstyle/-/cssstyle-4.6.0.tgz. Extracting by manifest.
905 silly tarball no local data for update-browserslist-db@https://registry.npmjs.org/update-browserslist-db/-/update-browserslist-db-1.2.3.tgz. Extracting by manifest.
906 silly tarball no local data for caniuse-lite@https://registry.npmjs.org/caniuse-lite/-/caniuse-lite-1.0.30001782.tgz. Extracting by manifest.
907 silly tarball no local data for electron-to-chromium@https://registry.npmjs.org/electron-to-chromium/-/electron-to-chromium-1.5.328.tgz. Extracting by manifest.
908 silly tarball no local data for dequal@https://registry.npmjs.org/dequal/-/dequal-2.0.3.tgz. Extracting by manifest.
909 silly tarball no local data for baseline-browser-mapping@https://registry.npmjs.org/baseline-browser-mapping/-/baseline-browser-mapping-2.10.12.tgz. Extracting by manifest.
910 silly tarball no local data for @jridgewell/resolve-uri@https://registry.npmjs.org/@jridgewell/resolve-uri/-/resolve-uri-3.1.2.tgz. Extracting by manifest.
911 silly tarball no local data for @jridgewell/sourcemap-codec@https://registry.npmjs.org/@jridgewell/sourcemap-codec/-/sourcemap-codec-1.5.5.tgz. Extracting by manifest.
912 silly tarball no local data for @babel/helper-string-parser@https://registry.npmjs.org/@babel/helper-string-parser/-/helper-string-parser-7.27.1.tgz. Extracting by manifest.
913 silly tarball no local data for @types/babel__traverse@https://registry.npmjs.org/@types/babel__traverse/-/babel__traverse-7.28.0.tgz. Extracting by manifest.
914 silly tarball no local data for @babel/helper-globals@https://registry.npmjs.org/@babel/helper-globals/-/helper-globals-7.28.0.tgz. Extracting by manifest.
915 silly tarball no local data for @types/babel__template@https://registry.npmjs.org/@types/babel__template/-/babel__template-7.4.4.tgz. Extracting by manifest.
916 silly tarball no local data for @types/babel__generator@https://registry.npmjs.org/@types/babel__generator/-/babel__generator-7.27.0.tgz. Extracting by manifest.
917 silly tarball no local data for @babel/helper-plugin-utils@https://registry.npmjs.org/@babel/helper-plugin-utils/-/helper-plugin-utils-7.28.6.tgz. Extracting by manifest.
918 silly tarball no local data for lru-cache@https://registry.npmjs.org/lru-cache/-/lru-cache-5.1.1.tgz. Extracting by manifest.
919 silly tarball no local data for browserslist@https://registry.npmjs.org/browserslist/-/browserslist-4.28.1.tgz. Extracting by manifest.
920 silly tarball no local data for @babel/helper-module-imports@https://registry.npmjs.org/@babel/helper-module-imports/-/helper-module-imports-7.28.6.tgz. Extracting by manifest.
921 silly tarball no local data for jsesc@https://registry.npmjs.org/jsesc/-/jsesc-3.1.0.tgz. Extracting by manifest.
922 silly tarball no local data for @jridgewell/gen-mapping@https://registry.npmjs.org/@jridgewell/gen-mapping/-/gen-mapping-0.3.13.tgz. Extracting by manifest.
923 silly tarball no local data for @babel/compat-data@https://registry.npmjs.org/@babel/compat-data/-/compat-data-7.29.0.tgz. Extracting by manifest.
924 silly tarball no local data for @jridgewell/trace-mapping@https://registry.npmjs.org/@jridgewell/trace-mapping/-/trace-mapping-0.3.31.tgz. Extracting by manifest.
925 silly tarball no local data for @babel/helper-validator-option@https://registry.npmjs.org/@babel/helper-validator-option/-/helper-validator-option-7.27.1.tgz. Extracting by manifest.
926 silly tarball no local data for semver@https://registry.npmjs.org/semver/-/semver-6.3.1.tgz. Extracting by manifest.
927 silly tarball no local data for gensync@https://registry.npmjs.org/gensync/-/gensync-1.0.0-beta.2.tgz. Extracting by manifest.
928 silly tarball no local data for debug@https://registry.npmjs.org/debug/-/debug-4.4.3.tgz. Extracting by manifest.
929 silly tarball no local data for convert-source-map@https://registry.npmjs.org/convert-source-map/-/convert-source-map-2.0.0.tgz. Extracting by manifest.
930 silly tarball no local data for json5@https://registry.npmjs.org/json5/-/json5-2.2.3.tgz. Extracting by manifest.
931 silly tarball no local data for @jridgewell/remapping@https://registry.npmjs.org/@jridgewell/remapping/-/remapping-2.3.5.tgz. Extracting by manifest.
932 silly tarball no local data for @babel/types@https://registry.npmjs.org/@babel/types/-/types-7.29.0.tgz. Extracting by manifest.
933 silly tarball no local data for @babel/template@https://registry.npmjs.org/@babel/template/-/template-7.28.6.tgz. Extracting by manifest.
934 silly tarball no local data for @babel/parser@https://registry.npmjs.org/@babel/parser/-/parser-7.29.2.tgz. Extracting by manifest.
935 silly tarball no local data for @babel/traverse@https://registry.npmjs.org/@babel/traverse/-/traverse-7.29.0.tgz. Extracting by manifest.
936 silly tarball no local data for @babel/helpers@https://registry.npmjs.org/@babel/helpers/-/helpers-7.29.2.tgz. Extracting by manifest.
937 silly tarball no local data for react-refresh@https://registry.npmjs.org/react-refresh/-/react-refresh-0.17.0.tgz. Extracting by manifest.
938 silly tarball no local data for @babel/helper-module-transforms@https://registry.npmjs.org/@babel/helper-module-transforms/-/helper-module-transforms-7.28.6.tgz. Extracting by manifest.
939 silly tarball no local data for @babel/generator@https://registry.npmjs.org/@babel/generator/-/generator-7.29.1.tgz. Extracting by manifest.
940 silly tarball no local data for @types/babel__core@https://registry.npmjs.org/@types/babel__core/-/babel__core-7.20.5.tgz. Extracting by manifest.
941 silly tarball no local data for @rolldown/pluginutils@https://registry.npmjs.org/@rolldown/pluginutils/-/pluginutils-1.0.0-beta.27.tgz. Extracting by manifest.
942 silly tarball no local data for @babel/helper-compilation-targets@https://registry.npmjs.org/@babel/helper-compilation-targets/-/helper-compilation-targets-7.28.6.tgz. Extracting by manifest.
943 silly tarball no local data for csstype@https://registry.npmjs.org/csstype/-/csstype-3.2.3.tgz. Extracting by manifest.
944 silly tarball no local data for redent@https://registry.npmjs.org/redent/-/redent-3.0.0.tgz. Extracting by manifest.
945 silly tarball no local data for @babel/core@https://registry.npmjs.org/@babel/core/-/core-7.29.0.tgz. Extracting by manifest.
946 silly tarball no local data for @babel/plugin-transform-react-jsx-source@https://registry.npmjs.org/@babel/plugin-transform-react-jsx-source/-/plugin-transform-react-jsx-source-7.27.1.tgz. Extracting by manifest.
947 silly tarball no local data for @babel/plugin-transform-react-jsx-self@https://registry.npmjs.org/@babel/plugin-transform-react-jsx-self/-/plugin-transform-react-jsx-self-7.27.1.tgz. Extracting by manifest.
948 silly tarball no local data for @adobe/css-tools@https://registry.npmjs.org/@adobe/css-tools/-/css-tools-4.4.4.tgz. Extracting by manifest.
949 silly tarball no local data for undici-types@https://registry.npmjs.org/undici-types/-/undici-types-7.16.0.tgz. Extracting by manifest.
950 silly tarball no local data for js-tokens@https://registry.npmjs.org/js-tokens/-/js-tokens-4.0.0.tgz. Extracting by manifest.
951 silly tarball no local data for css.escape@https://registry.npmjs.org/css.escape/-/css.escape-1.5.1.tgz. Extracting by manifest.
952 silly tarball no local data for pretty-format@https://registry.npmjs.org/pretty-format/-/pretty-format-27.5.1.tgz. Extracting by manifest.
953 silly tarball no local data for @babel/helper-validator-identifier@https://registry.npmjs.org/@babel/helper-validator-identifier/-/helper-validator-identifier-7.28.5.tgz. Extracting by manifest.
954 silly tarball no local data for lz-string@https://registry.npmjs.org/lz-string/-/lz-string-1.5.0.tgz. Extracting by manifest.
955 silly tarball no local data for @types/aria-query@https://registry.npmjs.org/@types/aria-query/-/aria-query-5.0.4.tgz. Extracting by manifest.
956 silly tarball no local data for picocolors@https://registry.npmjs.org/picocolors/-/picocolors-1.1.1.tgz. Extracting by manifest.
957 silly tarball no local data for aria-query@https://registry.npmjs.org/aria-query/-/aria-query-5.3.0.tgz. Extracting by manifest.
958 silly tarball no local data for dom-accessibility-api@https://registry.npmjs.org/dom-accessibility-api/-/dom-accessibility-api-0.5.16.tgz. Extracting by manifest.
959 silly tarball no local data for @babel/runtime@https://registry.npmjs.org/@babel/runtime/-/runtime-7.29.2.tgz. Extracting by manifest.
960 silly tarball no local data for @babel/code-frame@https://registry.npmjs.org/@babel/code-frame/-/code-frame-7.29.0.tgz. Extracting by manifest.
961 silly tarball no local data for vitest@https://registry.npmjs.org/vitest/-/vitest-3.2.4.tgz. Extracting by manifest.
962 silly tarball no local data for jsdom@https://registry.npmjs.org/jsdom/-/jsdom-26.1.0.tgz. Extracting by manifest.
963 silly tarball no local data for typescript@https://registry.npmjs.org/typescript/-/typescript-5.9.3.tgz. Extracting by manifest.
964 silly tarball no local data for vite@https://registry.npmjs.org/vite/-/vite-5.4.21.tgz. Extracting by manifest.
965 silly tarball no local data for echarts@https://registry.npmjs.org/echarts/-/echarts-6.0.0.tgz. Extracting by manifest.
966 silly tarball no local data for @vitejs/plugin-react@https://registry.npmjs.org/@vitejs/plugin-react/-/plugin-react-4.7.0.tgz. Extracting by manifest.
967 silly tarball no local data for @testing-library/dom@https://registry.npmjs.org/@testing-library/dom/-/dom-10.4.1.tgz. Extracting by manifest.
968 silly tarball no local data for react@https://registry.npmjs.org/react/-/react-19.2.4.tgz. Extracting by manifest.
969 silly tarball no local data for react-dom@https://registry.npmjs.org/react-dom/-/react-dom-19.2.4.tgz. Extracting by manifest.
970 silly tarball no local data for @testing-library/react@https://registry.npmjs.org/@testing-library/react/-/react-16.3.2.tgz. Extracting by manifest.
971 silly tarball no local data for @types/react@https://registry.npmjs.org/@types/react/-/react-19.2.14.tgz. Extracting by manifest.
972 silly tarball no local data for @types/react-dom@https://registry.npmjs.org/@types/react-dom/-/react-dom-19.2.3.tgz. Extracting by manifest.
973 silly tarball no local data for @types/node@https://registry.npmjs.org/@types/node/-/node-24.12.0.tgz. Extracting by manifest.
974 silly tarball no local data for @testing-library/jest-dom@https://registry.npmjs.org/@testing-library/jest-dom/-/jest-dom-6.9.1.tgz. Extracting by manifest.
975 silly tarball no local data for js-tokens@https://registry.npmjs.org/js-tokens/-/js-tokens-9.0.1.tgz. Extracting by manifest.
976 silly tarball no local data for lru-cache@https://registry.npmjs.org/lru-cache/-/lru-cache-10.4.3.tgz. Extracting by manifest.
977 silly tarball no local data for dom-accessibility-api@https://registry.npmjs.org/dom-accessibility-api/-/dom-accessibility-api-0.6.3.tgz. Extracting by manifest.
978 http fetch POST 200 https://registry.npmjs.org/-/npm/v1/security/advisories/bulk 243ms
979 silly audit report {
979 silly audit report   esbuild: [
979 silly audit report     {
979 silly audit report       id: 1102341,
979 silly audit report       url: 'https://github.com/advisories/GHSA-67mh-4wv8-2f99',
979 silly audit report       title: 'esbuild enables any website to send any requests to the development server and read the response',
979 silly audit report       severity: 'moderate',
979 silly audit report       vulnerable_versions: '<=0.24.2',
979 silly audit report       cwe: [Array],
979 silly audit report       cvss: [Object]
979 silly audit report     }
979 silly audit report   ]
979 silly audit report }
980 http fetch GET 200 https://registry.npmjs.org/punycode/-/punycode-2.3.1.tgz 407ms (cache miss)
981 http fetch GET 200 https://registry.npmjs.org/stackback/-/stackback-0.0.2.tgz 409ms (cache miss)
982 http fetch GET 200 https://registry.npmjs.org/safer-buffer/-/safer-buffer-2.1.2.tgz 409ms (cache miss)
983 http fetch GET 200 https://registry.npmjs.org/fdir/-/fdir-6.5.0.tgz 405ms (cache miss)
984 http fetch GET 200 https://registry.npmjs.org/siginfo/-/siginfo-2.0.0.tgz 410ms (cache miss)
985 http fetch GET 200 https://registry.npmjs.org/deep-eql/-/deep-eql-5.0.2.tgz 409ms (cache miss)
986 http fetch GET 200 https://registry.npmjs.org/assertion-error/-/assertion-error-2.0.1.tgz 415ms (cache miss)
987 http fetch GET 200 https://registry.npmjs.org/es-module-lexer/-/es-module-lexer-1.7.0.tgz 423ms (cache miss)
988 http fetch GET 200 https://registry.npmjs.org/tr46/-/tr46-5.1.1.tgz 426ms (cache miss)
989 http fetch GET 200 https://registry.npmjs.org/cac/-/cac-6.7.14.tgz 428ms (cache miss)
990 http fetch GET 200 https://registry.npmjs.org/iconv-lite/-/iconv-lite-0.6.3.tgz 546ms (cache miss)
991 http fetch GET 200 https://registry.npmjs.org/@types/deep-eql/-/deep-eql-4.0.2.tgz 551ms (cache miss)
992 http fetch GET 200 https://registry.npmjs.org/strip-literal/-/strip-literal-3.1.0.tgz 567ms (cache miss)
993 http fetch GET 200 https://registry.npmjs.org/estree-walker/-/estree-walker-3.0.3.tgz 576ms (cache miss)
994 http fetch GET 200 https://registry.npmjs.org/why-is-node-running/-/why-is-node-running-2.3.0.tgz 580ms (cache miss)
995 http fetch GET 200 https://registry.npmjs.org/tinyrainbow/-/tinyrainbow-2.0.0.tgz 580ms (cache miss)
996 http fetch GET 200 https://registry.npmjs.org/tinyexec/-/tinyexec-0.3.2.tgz 600ms (cache miss)
997 http fetch GET 200 https://registry.npmjs.org/tinybench/-/tinybench-2.9.0.tgz 602ms (cache miss)
998 http fetch GET 200 https://registry.npmjs.org/tinypool/-/tinypool-1.1.1.tgz 610ms (cache miss)
999 http fetch GET 200 https://registry.npmjs.org/tinyglobby/-/tinyglobby-0.2.15.tgz 618ms (cache miss)
1000 http fetch GET 200 https://registry.npmjs.org/vite-node/-/vite-node-3.2.4.tgz 631ms (cache miss)
1001 http fetch GET 200 https://registry.npmjs.org/pathe/-/pathe-2.0.3.tgz 741ms (cache miss)
1002 http fetch GET 200 https://registry.npmjs.org/std-env/-/std-env-3.10.0.tgz 750ms (cache miss)
1003 http fetch GET 200 https://registry.npmjs.org/@vitest/utils/-/utils-3.2.4.tgz 827ms (cache miss)
1004 http fetch GET 200 https://registry.npmjs.org/@vitest/spy/-/spy-3.2.4.tgz 835ms (cache miss)
1005 http fetch GET 200 https://registry.npmjs.org/@vitest/pretty-format/-/pretty-format-3.2.4.tgz 842ms (cache miss)
1006 http fetch GET 200 https://registry.npmjs.org/@vitest/runner/-/runner-3.2.4.tgz 863ms (cache miss)
1007 http fetch GET 200 https://registry.npmjs.org/@types/chai/-/chai-5.2.3.tgz 926ms (cache miss)
1008 http fetch GET 200 https://registry.npmjs.org/expect-type/-/expect-type-1.3.0.tgz 979ms (cache miss)
1009 http fetch GET 200 https://registry.npmjs.org/@vitest/mocker/-/mocker-3.2.4.tgz 984ms (cache miss)
1010 http fetch GET 200 https://registry.npmjs.org/magic-string/-/magic-string-0.30.21.tgz 1022ms (cache miss)
1011 http fetch GET 200 https://registry.npmjs.org/@vitest/snapshot/-/snapshot-3.2.4.tgz 1020ms (cache miss)
1012 http fetch GET 200 https://registry.npmjs.org/@vitest/expect/-/expect-3.2.4.tgz 1033ms (cache miss)
1013 http fetch GET 200 https://registry.npmjs.org/@types/estree/-/estree-1.0.8.tgz 1040ms (cache miss)
1014 http fetch GET 200 https://registry.npmjs.org/source-map-js/-/source-map-js-1.2.1.tgz 1060ms (cache miss)
1015 http fetch GET 200 https://registry.npmjs.org/picomatch/-/picomatch-4.0.4.tgz 1109ms (cache miss)
1016 http fetch GET 200 https://registry.npmjs.org/nanoid/-/nanoid-3.3.11.tgz 1111ms (cache miss)
1017 http fetch GET 200 https://registry.npmjs.org/escalade/-/escalade-3.2.0.tgz 1260ms (cache miss)
1018 http fetch GET 200 https://registry.npmjs.org/min-indent/-/min-indent-1.0.1.tgz 1268ms (cache miss)
1019 http fetch GET 200 https://registry.npmjs.org/esbuild/-/esbuild-0.21.5.tgz 1284ms (cache miss)
1020 http fetch GET 200 https://registry.npmjs.org/xmlchars/-/xmlchars-2.2.0.tgz 1310ms (cache miss)
1021 http fetch GET 200 https://registry.npmjs.org/tinyspy/-/tinyspy-4.0.4.tgz 1340ms (cache miss)
1022 http fetch GET 200 https://registry.npmjs.org/postcss/-/postcss-8.5.8.tgz 1354ms (cache miss)
1023 http fetch GET 200 https://registry.npmjs.org/check-error/-/check-error-2.1.3.tgz 1438ms (cache miss)
1024 http fetch GET 200 https://registry.npmjs.org/indent-string/-/indent-string-4.0.0.tgz 1442ms (cache miss)
1025 http fetch GET 200 https://registry.npmjs.org/scheduler/-/scheduler-0.27.0.tgz 1458ms (cache miss)
1026 http fetch GET 200 https://registry.npmjs.org/strip-indent/-/strip-indent-3.0.0.tgz 1462ms (cache miss)
1027 http fetch GET 200 https://registry.npmjs.org/loupe/-/loupe-3.2.1.tgz 1513ms (cache miss)
1028 http fetch GET 200 https://registry.npmjs.org/react-is/-/react-is-17.0.2.tgz 1505ms (cache miss)
1029 http fetch GET 200 https://registry.npmjs.org/rollup/-/rollup-4.60.1.tgz 1541ms (cache miss)
1030 http fetch GET 200 https://registry.npmjs.org/chai/-/chai-5.3.3.tgz 1568ms (cache miss)
1031 http fetch GET 200 https://registry.npmjs.org/tldts-core/-/tldts-core-6.1.86.tgz 1572ms (cache miss)
1032 http fetch GET 200 https://registry.npmjs.org/tldts/-/tldts-6.1.86.tgz 1614ms (cache miss)
1033 http fetch GET 200 https://registry.npmjs.org/ansi-styles/-/ansi-styles-5.2.0.tgz 1620ms (cache miss)
1034 http fetch GET 200 https://registry.npmjs.org/yallist/-/yallist-3.1.1.tgz 1639ms (cache miss)
1035 http fetch GET 200 https://registry.npmjs.org/@rollup/rollup-win32-x64-gnu/-/rollup-win32-x64-gnu-4.60.1.tgz 1657ms (cache miss)
1036 http fetch GET 200 https://registry.npmjs.org/ansi-regex/-/ansi-regex-5.0.1.tgz 1656ms (cache miss)
1037 http fetch GET 200 https://registry.npmjs.org/agent-base/-/agent-base-7.1.4.tgz 1659ms (cache miss)
1038 http fetch GET 200 https://registry.npmjs.org/@csstools/css-color-parser/-/css-color-parser-3.1.0.tgz 1688ms (cache miss)
1039 http fetch GET 200 https://registry.npmjs.org/@rollup/rollup-win32-x64-msvc/-/rollup-win32-x64-msvc-4.60.1.tgz 1726ms (cache miss)
1040 http fetch GET 200 https://registry.npmjs.org/@csstools/css-tokenizer/-/css-tokenizer-3.0.4.tgz 1715ms (cache miss)
1041 http fetch GET 200 https://registry.npmjs.org/@csstools/color-helpers/-/color-helpers-5.1.0.tgz 1722ms (cache miss)
1042 http fetch GET 200 https://registry.npmjs.org/xml-name-validator/-/xml-name-validator-5.0.0.tgz 1735ms (cache miss)
1043 http fetch GET 200 https://registry.npmjs.org/@csstools/css-calc/-/css-calc-2.1.4.tgz 1817ms (cache miss)
1044 http fetch GET 200 https://registry.npmjs.org/whatwg-encoding/-/whatwg-encoding-3.1.1.tgz 1849ms (cache miss)
1045 warn deprecated whatwg-encoding@3.1.1: Use @exodus/bytes instead for a more spec-conformant and faster implementation
1046 http fetch GET 200 https://registry.npmjs.org/whatwg-mimetype/-/whatwg-mimetype-4.0.0.tgz 1860ms (cache miss)
1047 http fetch GET 200 https://registry.npmjs.org/webidl-conversions/-/webidl-conversions-7.0.0.tgz 1878ms (cache miss)
1048 http fetch GET 200 https://registry.npmjs.org/pathval/-/pathval-2.0.1.tgz 1912ms (cache miss)
1049 http fetch GET 200 https://registry.npmjs.org/whatwg-url/-/whatwg-url-14.2.0.tgz 1888ms (cache miss)
1050 http fetch GET 200 https://registry.npmjs.org/symbol-tree/-/symbol-tree-3.2.4.tgz 1910ms (cache miss)
1051 http fetch GET 200 https://registry.npmjs.org/w3c-xmlserializer/-/w3c-xmlserializer-5.0.0.tgz 1933ms (cache miss)
1052 http fetch GET 200 https://registry.npmjs.org/rrweb-cssom/-/rrweb-cssom-0.8.0.tgz 1948ms (cache miss)
1053 http fetch GET 200 https://registry.npmjs.org/ws/-/ws-8.20.0.tgz 1959ms (cache miss)
1054 http fetch GET 200 https://registry.npmjs.org/tough-cookie/-/tough-cookie-5.1.2.tgz 1983ms (cache miss)
1055 http fetch GET 200 https://registry.npmjs.org/@esbuild/win32-x64/-/win32-x64-0.21.5.tgz 2016ms (cache miss)
1056 http fetch GET 200 https://registry.npmjs.org/saxes/-/saxes-6.0.0.tgz 1995ms (cache miss)
1057 http fetch GET 200 https://registry.npmjs.org/https-proxy-agent/-/https-proxy-agent-7.0.6.tgz 2063ms (cache miss)
1058 http fetch GET 200 https://registry.npmjs.org/nwsapi/-/nwsapi-2.2.23.tgz 2066ms (cache miss)
1059 http fetch GET 200 https://registry.npmjs.org/is-potential-custom-element-name/-/is-potential-custom-element-name-1.0.1.tgz 2080ms (cache miss)
1060 http fetch GET 200 https://registry.npmjs.org/html-encoding-sniffer/-/html-encoding-sniffer-4.0.0.tgz 2092ms (cache miss)
1061 http fetch GET 200 https://registry.npmjs.org/entities/-/entities-6.0.1.tgz 2113ms (cache miss)
1062 http fetch GET 200 https://registry.npmjs.org/data-urls/-/data-urls-5.0.0.tgz 2112ms (cache miss)
1063 http fetch GET 200 https://registry.npmjs.org/http-proxy-agent/-/http-proxy-agent-7.0.2.tgz 2134ms (cache miss)
1064 http fetch GET 200 https://registry.npmjs.org/parse5/-/parse5-7.3.0.tgz 2150ms (cache miss)
1065 http fetch GET 200 https://registry.npmjs.org/tslib/-/tslib-2.3.0.tgz 2162ms (cache miss)
1066 http fetch GET 200 https://registry.npmjs.org/ms/-/ms-2.1.3.tgz 2178ms (cache miss)
1067 http fetch GET 200 https://registry.npmjs.org/node-releases/-/node-releases-2.0.36.tgz 2192ms (cache miss)
1068 http fetch GET 200 https://registry.npmjs.org/update-browserslist-db/-/update-browserslist-db-1.2.3.tgz 2292ms (cache miss)
1069 http fetch GET 200 https://registry.npmjs.org/dequal/-/dequal-2.0.3.tgz 2296ms (cache miss)
1070 http fetch GET 200 https://registry.npmjs.org/electron-to-chromium/-/electron-to-chromium-1.5.328.tgz 2312ms (cache miss)
1071 http fetch GET 200 https://registry.npmjs.org/baseline-browser-mapping/-/baseline-browser-mapping-2.10.12.tgz 2317ms (cache miss)
1072 http fetch GET 200 https://registry.npmjs.org/@jridgewell/resolve-uri/-/resolve-uri-3.1.2.tgz 2341ms (cache miss)
1073 http fetch GET 200 https://registry.npmjs.org/@csstools/css-parser-algorithms/-/css-parser-algorithms-3.0.5.tgz 2367ms (cache miss)
1074 http fetch GET 200 https://registry.npmjs.org/@babel/helper-string-parser/-/helper-string-parser-7.27.1.tgz 2375ms (cache miss)
1075 http fetch GET 200 https://registry.npmjs.org/@types/babel__traverse/-/babel__traverse-7.28.0.tgz 2375ms (cache miss)
1076 http fetch GET 200 https://registry.npmjs.org/@babel/helper-globals/-/helper-globals-7.28.0.tgz 2401ms (cache miss)
1077 http fetch GET 200 https://registry.npmjs.org/@jridgewell/sourcemap-codec/-/sourcemap-codec-1.5.5.tgz 2409ms (cache miss)
1078 http fetch GET 200 https://registry.npmjs.org/decimal.js/-/decimal.js-10.6.0.tgz 2418ms (cache miss)
1079 http fetch GET 200 https://registry.npmjs.org/cssstyle/-/cssstyle-4.6.0.tgz 2429ms (cache miss)
1080 http fetch GET 200 https://registry.npmjs.org/@babel/helper-plugin-utils/-/helper-plugin-utils-7.28.6.tgz 2486ms (cache miss)
1081 http fetch GET 200 https://registry.npmjs.org/@types/babel__generator/-/babel__generator-7.27.0.tgz 2487ms (cache miss)
1082 http fetch GET 200 https://registry.npmjs.org/lru-cache/-/lru-cache-5.1.1.tgz 2494ms (cache miss)
1083 http fetch GET 200 https://registry.npmjs.org/@types/babel__template/-/babel__template-7.4.4.tgz 2501ms (cache miss)
1084 http fetch GET 200 https://registry.npmjs.org/browserslist/-/browserslist-4.28.1.tgz 2510ms (cache miss)
1085 http fetch GET 200 https://registry.npmjs.org/@asamuzakjp/css-color/-/css-color-3.2.0.tgz 2600ms (cache miss)
1086 http fetch GET 200 https://registry.npmjs.org/debug/-/debug-4.4.3.tgz 2611ms (cache miss)
1087 http fetch GET 200 https://registry.npmjs.org/@babel/helper-validator-option/-/helper-validator-option-7.27.1.tgz 2612ms (cache miss)
1088 http fetch GET 200 https://registry.npmjs.org/semver/-/semver-6.3.1.tgz 2618ms (cache miss)
1089 http fetch GET 200 https://registry.npmjs.org/gensync/-/gensync-1.0.0-beta.2.tgz 2623ms (cache miss)
1090 http fetch GET 200 https://registry.npmjs.org/@babel/compat-data/-/compat-data-7.29.0.tgz 2631ms (cache miss)
1091 http fetch GET 200 https://registry.npmjs.org/@jridgewell/gen-mapping/-/gen-mapping-0.3.13.tgz 2637ms (cache miss)
1092 http fetch GET 200 https://registry.npmjs.org/zrender/-/zrender-6.0.0.tgz 2668ms (cache miss)
1093 http fetch GET 200 https://registry.npmjs.org/convert-source-map/-/convert-source-map-2.0.0.tgz 2663ms (cache miss)
1094 http fetch GET 200 https://registry.npmjs.org/@jridgewell/trace-mapping/-/trace-mapping-0.3.31.tgz 2667ms (cache miss)
1095 http fetch GET 200 https://registry.npmjs.org/json5/-/json5-2.2.3.tgz 2733ms (cache miss)
1096 http fetch GET 200 https://registry.npmjs.org/@babel/template/-/template-7.28.6.tgz 2734ms (cache miss)
1097 http fetch GET 200 https://registry.npmjs.org/@babel/helper-module-imports/-/helper-module-imports-7.28.6.tgz 2745ms (cache miss)
1098 http fetch GET 200 https://registry.npmjs.org/@jridgewell/remapping/-/remapping-2.3.5.tgz 2749ms (cache miss)
1099 http fetch GET 200 https://registry.npmjs.org/react-refresh/-/react-refresh-0.17.0.tgz 2802ms (cache miss)
1100 http fetch GET 200 https://registry.npmjs.org/@types/babel__core/-/babel__core-7.20.5.tgz 2849ms (cache miss)
1101 http fetch GET 200 https://registry.npmjs.org/@babel/helper-module-transforms/-/helper-module-transforms-7.28.6.tgz 2859ms (cache miss)
1102 http fetch GET 200 https://registry.npmjs.org/@rolldown/pluginutils/-/pluginutils-1.0.0-beta.27.tgz 2866ms (cache miss)
1103 http fetch GET 200 https://registry.npmjs.org/redent/-/redent-3.0.0.tgz 2891ms (cache miss)
1104 http fetch GET 200 https://registry.npmjs.org/@babel/helper-compilation-targets/-/helper-compilation-targets-7.28.6.tgz 2904ms (cache miss)
1105 http fetch GET 200 https://registry.npmjs.org/@babel/plugin-transform-react-jsx-source/-/plugin-transform-react-jsx-source-7.27.1.tgz 2928ms (cache miss)
1106 http fetch GET 200 https://registry.npmjs.org/@babel/generator/-/generator-7.29.1.tgz 2936ms (cache miss)
1107 http fetch GET 200 https://registry.npmjs.org/@babel/traverse/-/traverse-7.29.0.tgz 2948ms (cache miss)
1108 http fetch GET 200 https://registry.npmjs.org/csstype/-/csstype-3.2.3.tgz 2950ms (cache miss)
1109 http fetch GET 200 https://registry.npmjs.org/@babel/parser/-/parser-7.29.2.tgz 2955ms (cache miss)
1110 http fetch GET 200 https://registry.npmjs.org/@babel/plugin-transform-react-jsx-self/-/plugin-transform-react-jsx-self-7.27.1.tgz 2947ms (cache miss)
1111 http fetch GET 200 https://registry.npmjs.org/@adobe/css-tools/-/css-tools-4.4.4.tgz 3029ms (cache miss)
1112 http fetch GET 200 https://registry.npmjs.org/@babel/types/-/types-7.29.0.tgz 3047ms (cache miss)
1113 http fetch GET 200 https://registry.npmjs.org/css.escape/-/css.escape-1.5.1.tgz 3057ms (cache miss)
1114 http fetch GET 200 https://registry.npmjs.org/js-tokens/-/js-tokens-4.0.0.tgz 3060ms (cache miss)
1115 http fetch GET 200 https://registry.npmjs.org/picocolors/-/picocolors-1.1.1.tgz 3073ms (cache miss)
1116 http fetch GET 200 https://registry.npmjs.org/@types/aria-query/-/aria-query-5.0.4.tgz 3076ms (cache miss)
1117 http fetch GET 200 https://registry.npmjs.org/@babel/helper-validator-identifier/-/helper-validator-identifier-7.28.5.tgz 3087ms (cache miss)
1118 http fetch GET 200 https://registry.npmjs.org/lz-string/-/lz-string-1.5.0.tgz 3093ms (cache miss)
1119 http fetch GET 200 https://registry.npmjs.org/pretty-format/-/pretty-format-27.5.1.tgz 3112ms (cache miss)
1120 http fetch GET 200 https://registry.npmjs.org/undici-types/-/undici-types-7.16.0.tgz 3116ms (cache miss)
1121 http fetch GET 200 https://registry.npmjs.org/@babel/code-frame/-/code-frame-7.29.0.tgz 3163ms (cache miss)
1122 http fetch GET 200 https://registry.npmjs.org/@babel/core/-/core-7.29.0.tgz 3178ms (cache miss)
1123 http fetch GET 200 https://registry.npmjs.org/@babel/helpers/-/helpers-7.29.2.tgz 3195ms (cache miss)
1124 http fetch GET 200 https://registry.npmjs.org/dom-accessibility-api/-/dom-accessibility-api-0.5.16.tgz 3207ms (cache miss)
1125 http fetch GET 200 https://registry.npmjs.org/@vitejs/plugin-react/-/plugin-react-4.7.0.tgz 3300ms (cache miss)
1126 http fetch GET 200 https://registry.npmjs.org/react/-/react-19.2.4.tgz 3357ms (cache miss)
1127 http fetch GET 200 https://registry.npmjs.org/jsesc/-/jsesc-3.1.0.tgz 3388ms (cache miss)
1128 http fetch GET 200 https://registry.npmjs.org/@types/react-dom/-/react-dom-19.2.3.tgz 3377ms (cache miss)
1129 http fetch GET 200 https://registry.npmjs.org/aria-query/-/aria-query-5.3.0.tgz 3406ms (cache miss)
1130 http fetch GET 200 https://registry.npmjs.org/@types/react/-/react-19.2.14.tgz 3421ms (cache miss)
1131 http fetch GET 200 https://registry.npmjs.org/@testing-library/react/-/react-16.3.2.tgz 3444ms (cache miss)
1132 http fetch GET 200 https://registry.npmjs.org/js-tokens/-/js-tokens-9.0.1.tgz 3461ms (cache miss)
1133 http fetch GET 200 https://registry.npmjs.org/vitest/-/vitest-3.2.4.tgz 3469ms (cache miss)
1134 http fetch GET 200 https://registry.npmjs.org/@testing-library/jest-dom/-/jest-dom-6.9.1.tgz 3507ms (cache miss)
1135 http fetch GET 200 https://registry.npmjs.org/caniuse-lite/-/caniuse-lite-1.0.30001782.tgz 3597ms (cache miss)
1136 http fetch GET 200 https://registry.npmjs.org/@babel/runtime/-/runtime-7.29.2.tgz 3578ms (cache miss)
1137 http fetch GET 200 https://registry.npmjs.org/dom-accessibility-api/-/dom-accessibility-api-0.6.3.tgz 3680ms (cache miss)
1138 http fetch GET 200 https://registry.npmjs.org/@testing-library/dom/-/dom-10.4.1.tgz 3693ms (cache miss)
1139 http fetch GET 200 https://registry.npmjs.org/lru-cache/-/lru-cache-10.4.3.tgz 3701ms (cache miss)
1140 http fetch GET 200 https://registry.npmjs.org/@types/node/-/node-24.12.0.tgz 3719ms (cache miss)
1141 http fetch GET 200 https://registry.npmjs.org/vite/-/vite-5.4.21.tgz 4030ms (cache miss)
1142 http fetch GET 200 https://registry.npmjs.org/jsdom/-/jsdom-26.1.0.tgz 4124ms (cache miss)
1143 http fetch GET 200 https://registry.npmjs.org/react-dom/-/react-dom-19.2.4.tgz 4271ms (cache miss)
1144 http fetch GET 200 https://registry.npmjs.org/typescript/-/typescript-5.9.3.tgz 4751ms (cache miss)
1145 http fetch GET 200 https://registry.npmjs.org/echarts/-/echarts-6.0.0.tgz 5883ms (cache miss)
1146 info run esbuild@0.21.5 postinstall node_modules/esbuild node install.js
1147 info run esbuild@0.21.5 postinstall { code: 0, signal: null }
1148 silly ADD node_modules/stackback
1149 silly ADD node_modules/siginfo
1150 silly ADD node_modules/punycode
1151 silly ADD node_modules/tr46
1152 silly ADD node_modules/safer-buffer
1153 silly ADD node_modules/iconv-lite
1154 silly ADD node_modules/es-module-lexer
1155 silly ADD node_modules/cac
1156 silly ADD node_modules/fdir
1157 silly ADD node_modules/pathval
1158 silly ADD node_modules/deep-eql
1159 silly ADD node_modules/check-error
1160 silly ADD node_modules/loupe
1161 silly ADD node_modules/tinyspy
1162 silly ADD node_modules/strip-literal
1163 silly ADD node_modules/strip-literal/node_modules/js-tokens
1164 silly ADD node_modules/estree-walker
1165 silly ADD node_modules/assertion-error
1166 silly ADD node_modules/@types/deep-eql
1167 silly ADD node_modules/why-is-node-running
1168 silly ADD node_modules/vite-node
1169 silly ADD node_modules/tinyrainbow
1170 silly ADD node_modules/tinypool
1171 silly ADD node_modules/tinyglobby
1172 silly ADD node_modules/tinyexec
1173 silly ADD node_modules/tinybench
1174 silly ADD node_modules/std-env
1175 silly ADD node_modules/picomatch
1176 silly ADD node_modules/pathe
1177 silly ADD node_modules/magic-string
1178 silly ADD node_modules/expect-type
1179 silly ADD node_modules/chai
1180 silly ADD node_modules/@vitest/utils
1181 silly ADD node_modules/@vitest/spy
1182 silly ADD node_modules/@vitest/snapshot
1183 silly ADD node_modules/@vitest/runner
1184 silly ADD node_modules/@vitest/pretty-format
1185 silly ADD node_modules/@vitest/mocker
1186 silly ADD node_modules/@vitest/expect
1187 silly ADD node_modules/@types/chai
1188 silly ADD node_modules/@types/estree
1189 silly ADD node_modules/@rollup/rollup-win32-x64-msvc
1190 silly ADD node_modules/@rollup/rollup-win32-x64-gnu
1191 silly ADD
1192 silly ADD
1193 silly ADD
1194 silly ADD
1195 silly ADD
1196 silly ADD
1197 silly ADD
1198 silly ADD
1199 silly ADD
1200 silly ADD
1201 silly ADD
1202 silly ADD
1203 silly ADD
1204 silly ADD
1205 silly ADD
1206 silly ADD
1207 silly ADD
1208 silly ADD
1209 silly ADD
1210 silly ADD
1211 silly ADD
1212 silly ADD
1213 silly ADD
1214 silly ADD node_modules/source-map-js
1215 silly ADD node_modules/nanoid
1216 silly ADD node_modules/@esbuild/win32-x64
1217 silly ADD
1218 silly ADD
1219 silly ADD
1220 silly ADD
1221 silly ADD
1222 silly ADD
1223 silly ADD
1224 silly ADD
1225 silly ADD
1226 silly ADD
1227 silly ADD
1228 silly ADD
1229 silly ADD
1230 silly ADD
1231 silly ADD
1232 silly ADD
1233 silly ADD
1234 silly ADD
1235 silly ADD
1236 silly ADD
1237 silly ADD
1238 silly ADD
1239 silly ADD node_modules/rollup
1240 silly ADD node_modules/postcss
1241 silly ADD
1242 silly ADD node_modules/esbuild
1243 silly ADD node_modules/escalade
1244 silly ADD node_modules/tldts-core
1245 silly ADD node_modules/tldts
1246 silly ADD node_modules/min-indent
1247 silly ADD node_modules/xmlchars
1248 silly ADD node_modules/strip-indent
1249 silly ADD node_modules/indent-string
1250 silly ADD node_modules/scheduler
1251 silly ADD node_modules/react-is
1252 silly ADD node_modules/ansi-styles
1253 silly ADD node_modules/ansi-regex
1254 silly ADD node_modules/entities
1255 silly ADD node_modules/yallist
1256 silly ADD node_modules/agent-base
1257 silly ADD node_modules/@csstools/color-helpers
1258 silly ADD node_modules/@csstools/css-color-parser
1259 silly ADD node_modules/@csstools/css-parser-algorithms
1260 silly ADD node_modules/@csstools/css-tokenizer
1261 silly ADD node_modules/@csstools/css-calc
1262 silly ADD node_modules/@asamuzakjp/css-color
1263 silly ADD node_modules/@asamuzakjp/css-color/node_modules/lru-cache
1264 silly ADD node_modules/xml-name-validator
1265 silly ADD node_modules/ws
1266 silly ADD node_modules/whatwg-url
1267 silly ADD node_modules/whatwg-mimetype
1268 silly ADD node_modules/whatwg-encoding
1269 silly ADD node_modules/webidl-conversions
1270 silly ADD node_modules/w3c-xmlserializer
1271 silly ADD node_modules/tough-cookie
1272 silly ADD node_modules/symbol-tree
1273 silly ADD node_modules/saxes
1274 silly ADD node_modules/rrweb-cssom
1275 silly ADD node_modules/parse5
1276 silly ADD node_modules/nwsapi
1277 silly ADD node_modules/is-potential-custom-element-name
1278 silly ADD node_modules/https-proxy-agent
1279 silly ADD node_modules/http-proxy-agent
1280 silly ADD node_modules/html-encoding-sniffer
1281 silly ADD node_modules/decimal.js
1282 silly ADD node_modules/data-urls
1283 silly ADD node_modules/cssstyle
1284 silly ADD node_modules/zrender
1285 silly ADD node_modules/tslib
1286 silly ADD node_modules/ms
1287 silly ADD node_modules/update-browserslist-db
1288 silly ADD node_modules/node-releases
1289 silly ADD node_modules/electron-to-chromium
1290 silly ADD node_modules/caniuse-lite
1291 silly ADD node_modules/baseline-browser-mapping
1292 silly ADD node_modules/dequal
1293 silly ADD node_modules/@types/babel__traverse
1294 silly ADD node_modules/@types/babel__template
1295 silly ADD node_modules/@types/babel__generator
1296 silly ADD node_modules/@jridgewell/resolve-uri
1297 silly ADD node_modules/@jridgewell/sourcemap-codec
1298 silly ADD node_modules/@babel/helper-string-parser
1299 silly ADD node_modules/@babel/helper-globals
1300 silly ADD node_modules/@babel/helper-plugin-utils
1301 silly ADD node_modules/@babel/helper-module-imports
1302 silly ADD node_modules/lru-cache
1303 silly ADD node_modules/browserslist
1304 silly ADD node_modules/@babel/helper-validator-option
1305 silly ADD node_modules/@babel/compat-data
1306 silly ADD node_modules/jsesc
1307 silly ADD node_modules/@jridgewell/trace-mapping
1308 silly ADD node_modules/@jridgewell/gen-mapping
1309 silly ADD node_modules/semver
1310 silly ADD node_modules/json5
1311 silly ADD node_modules/gensync
1312 silly ADD node_modules/debug
1313 silly ADD node_modules/convert-source-map
1314 silly ADD node_modules/@jridgewell/remapping
1315 silly ADD node_modules/@babel/types
1316 silly ADD node_modules/@babel/traverse
1317 silly ADD node_modules/@babel/template
1318 silly ADD node_modules/@babel/parser
1319 silly ADD node_modules/@babel/helpers
1320 silly ADD node_modules/@babel/helper-module-transforms
1321 silly ADD node_modules/@babel/helper-compilation-targets
1322 silly ADD node_modules/@babel/generator
1323 silly ADD node_modules/react-refresh
1324 silly ADD node_modules/@types/babel__core
1325 silly ADD node_modules/@rolldown/pluginutils
1326 silly ADD node_modules/@babel/plugin-transform-react-jsx-source
1327 silly ADD node_modules/@babel/plugin-transform-react-jsx-self
1328 silly ADD node_modules/@babel/core
1329 silly ADD node_modules/csstype
1330 silly ADD node_modules/undici-types
1331 silly ADD node_modules/redent
1332 silly ADD node_modules/css.escape
1333 silly ADD node_modules/@adobe/css-tools
1334 silly ADD node_modules/js-tokens
1335 silly ADD node_modules/@babel/helper-validator-identifier
1336 silly ADD node_modules/pretty-format
1337 silly ADD node_modules/picocolors
1338 silly ADD node_modules/lz-string
1339 silly ADD node_modules/dom-accessibility-api
1340 silly ADD node_modules/aria-query
1341 silly ADD node_modules/@types/aria-query
1342 silly ADD node_modules/@babel/runtime
1343 silly ADD node_modules/@babel/code-frame
1344 silly ADD node_modules/vitest
1345 silly ADD node_modules/typescript
1346 silly ADD node_modules/jsdom
1347 silly ADD node_modules/echarts
1348 silly ADD node_modules/vite
1349 silly ADD node_modules/@vitejs/plugin-react
1350 silly ADD node_modules/@types/react-dom
1351 silly ADD node_modules/@types/react
1352 silly ADD node_modules/@types/node
1353 silly ADD node_modules/react-dom
1354 silly ADD node_modules/react
1355 silly ADD node_modules/@testing-library/dom
1356 silly ADD node_modules/@testing-library/react
1357 silly ADD node_modules/@testing-library/jest-dom
1358 silly ADD node_modules/@testing-library/jest-dom/node_modules/dom-accessibility-api
1359 notice
1359 notice New major version of npm available! 10.7.0 -> 11.12.1
1359 notice Changelog: https://github.com/npm/cli/releases/tag/v11.12.1
1359 notice To update run: npm install -g npm@11.12.1
1359 notice  { force: true, [Symbol(proc-log.meta)]: true }
1360 verbose exit 0
1361 info ok
